Test Case ID,Description,Pre-conditions,Steps Taken,Expected Output,,Actual Output,Comments,Tester,Date Tested,Version
t1.1. Reset Password (First-Time Login),,,,,,,,,,
t1.1.1,"Reset Password via clicking ""Reset Password Now"" link ","1. A teller account (Maker/Checker) has been created via User Management using a Super Admin account, and a temporary password was sent to the registered email.
2. The user has received the temporary password email and clicked the ""RESET PASSWORD NOW"" link.
3. The user is redirected to the reset password screen.","1. Enter the temporary password via email
2. Click on LOG IN button
3. Enter the temporary password again
4. Enter the new password
5. Re-enter the new password
6. Click on RESET PASSWORD button
7 . Enter OTP received via email
8. Click on CONTINUE","1. A modal is displayed with the message:
""Success! Password has been changed successfully."" ",,"A modal is displayed with the message: ""Success! Password has been changed successfully."" (executed via the emailed ""RESET PASSWORD NOW"" link; screen recording captured)",manual,QA-Jo,9/17/26,
t1.1.2,Reset Password via Logging in Using Temporary Password,"1. A new Teller App user has been created via HubOps and a temporary password was sent to the registered email.
2. The user has received the temporary password email.
3. The user is on the login page at:
","1. Enter email
2. Enter the temporary password sent via email
3. Click on LOG IN button
4. Enter the temporary password again
5. Enter the new password
6. Re-enter the new password
7. Click on RESET PASSWORD button
8 . Enter OTP received via email
9. Click on CONTINUE","1. A modal is displayed with the message:
""Success! Password has been changed successfully."" ",,https://qa-jo.github.io/teller-automation/reports/2026-09_full-regression/,,Peach,9/11/26,
t1.1.3,Verify system treats email addresses as case-insensitive during Reset Password,"1. New user created via HubOps; temporary password received.

2. User is on the login page.","1. Enter email in mixed-case/uppercase/lowercase format.
2. Enter the temporary password and click LOG IN.
3. Enter the temporary password again in the reset form.
4. Enter and confirm a new password.
5. Click RESET PASSWORD.
6. Enter OTP and click CONTINUE.","1. System accepts the mixed-case email and temporary password.

2. A modal displays: ""Success! Password has been changed successfully.""",,https://qa-jo.github.io/teller-automation/reports/2026-09_full-regression/,,Peach,9/12/26,
t1.1.4,Login Using Expired Temporary Password,1. User is on the login page with an expired or incorrect temporary password.,"1. Enter email.
. Enter invalid or expired temporary password.
3. Click the LOG IN button.","1. Error message appears: 

""Your temporary password has expired. Please use the Forgot Password option to create a new password.""",,https://qa-jo.github.io/teller-automation/reports/2026-09_full-regression/,,Peach,9/11/26,
t1.1.5,Verify that a user with an expired temporary password can finalize account setup via Forgot Password,"1. A new user account was created via HubOps.
2. The temporary password sent via email has expired.
3. The user is on the login page.","1. Click on ""Forgot password?"".
2. Enter the registered email address.
3. Click on SEND VERIFICATION CODE.
4. Enter the OTP received via email.
5. Click on CONTINUE.
6. Enter a new password that meets complexity requirements.
7. Re-enter the new password to confirm.
8. Click on RESET PASSWORD.","1. The system recognizes the email despite the expired temporary password state.
2. An OTP is successfully sent to the user's email.
3. The system accepts the new password.
4. A modal is displayed with the message: ""Success! Password has been changed successfully.""
5. The user can now log in using the newly created password.",,https://qa-jo.github.io/teller-automation/reports/2026-09_full-regression/,,Peach,9/11/26,
t1.1.6,Reset Password – Mismatched New Password and Confirm Password,1. User is on the Reset Password screen after entering the temporary password.,"1. Enter a new password.
2. Enter a different value in the Confirm Password field.
3. Click on RESET PASSWORD button","1. Error message is shown:
“Passwords do not match.”
2. The RESET PASSWORD button should still be disabled.",,lacking period (.),https://qa-jo.github.io/teller-automation/reports/2026-09_full-regression/,Peach,9/11/26,
t1.1.7,Reset Password – Leave Required Fields Blank,1. User is on the Reset Password screen.,"1. Leave one or more required fields (e.g., new password or confirm password) blank.
2. Click the RESET PASSWORD button.",1. The RESET PASSWORD button should still be disabled.,,https://qa-jo.github.io/teller-automation/reports/2026-09_full-regression/,,Peach,9/11/26,
t1.1.8,Reset Password – Password Too Short,User is on the Reset Password screen (after OTP verification).,"1. Enter a password with fewer than 8 characters (e.g., Abc1!).
2. Observe the validation message.","1. Error message is shown::
""Password must contain a minimum of 8 characters.""
2. The RESET PASSWORD button should still be disabled.",,https://qa-jo.github.io/teller-automation/reports/2026-09_full-regression/,,Peach,9/11/26,
t1.1.9,Reset Password – Password Without Uppercase Letter,User is on the Reset Password screen.,"1. Enter a password without any uppercase letters (e.g., abc123!@#).","1. Error message is shown:
""Password must include at least one uppercase letter.""
2. The RESET PASSWORD button should still be disabled.",,https://qa-jo.github.io/teller-automation/reports/2026-09_full-regression/,,Peach,9/11/26,
t1.1.10,Reset Password – Password Without Number,User is on the Reset Password screen.,"1. Enter a password without any numbers (e.g., Abcdef!@#).","1. Error message is shown:
""Password must include at least one number.""
2. The RESET PASSWORD button should still be disabled.",,https://qa-jo.github.io/teller-automation/reports/2026-09_full-regression/,,Peach,9/11/26,
t1.1.11,Reset Password – Password Without Special Character,User is on the Reset Password screen.,"1. Enter a password without any special characters (e.g., Abcdef123).","1. Error message is shown:
""Password must include at least one special character.""
2. The RESET PASSWORD button should still be disabled.",,https://qa-jo.github.io/teller-automation/reports/2026-09_full-regression/,,Peach,9/11/26,
t1.1.12,Reset Password – Sequential Validation of Multiple Violations,User is on the Reset Password screen.,"1. Enter a password like abc123 (less than 8 characters, no uppercase, no special character).
2. Observe the validation message displayed.
3. Fix the first validation error (e.g., make it 8 characters), then observe the next validation message.
4. Repeat until all rules are fulfilled.","1. Only one validation message is displayed at a time, depending on the first unmet condition:

• If too short → ""Password must contain a minimum of 8 characters.""
• Once length is valid, next error shown → e.g., ""Password must include at least one uppercase letter.""
• And so on, until all rules are met and no error message is shown.",,https://qa-jo.github.io/teller-automation/reports/2026-09_full-regression/,,Peach,9/11/26,
t1.1.13,Reset Password – Invalid OTP,1. User has completed the new password fields and is prompted to enter the OTP.,"1. Enter an incorrect or expired OTP.
2. Click the CONTINUE button.","1. Error message is displayed:
“OTP is either Invalid or has expired, Please try again.”

2. User remains on OTP entry screen.",,https://qa-jo.github.io/teller-automation/reports/2026-09_full-regression/,,Peach,9/12/26,
t1.1.14,Reset Password – Leave OTP Blank,"1. User has received OTP input prompt.
2. User is on the OTP Verification Screen.","1. Leave the OTP field blank.
2. Click CONTINUE.","1. The CONTINUE button should still be disabled.
2. User remains on OTP entry screen.",,https://qa-jo.github.io/teller-automation/reports/2026-09_full-regression/,,Peach,9/12/26,
t1.1.15,Reset Password – User cannot request a new OTP before the 1-minute cooldown period has passed,"1. The Teller App is launched.
2. The user is on the OTP verification screen for reset password.
3. The 1-minute cooldown has not yet elapsed.","1. Find and click the ""Request a new OTP"" link.","1. The ""Request a new OTP"" is not yet displayed
2. No new OTP should be generated or sent.
3. The countdown timer should continue until the full 1-minute duration completes.",,https://qa-jo.github.io/teller-automation/reports/2026-09_full-regression/,,Peach,9/12/26,
t1.1.16,Reset Password – User can request a new OTP after the cooldown,"1. The Teller App is launched.
2. The user is on the OTP verification screen for reset password.
3. The previous OTP has expired or the 1-minute cooldown has completed.","1. Click the ""Request a new OTP"" link.
2. Check the registered email for a new OTP.
3. Enter the newly received OTP.
4. Click on CONTINUE button.","1. The user receives the new OTP via email.
2. A modal is displayed with the message:
""Success! Password has been changed successfully.""",,https://qa-jo.github.io/teller-automation/reports/2026-09_full-regression/,rerun since first run failed due to rate limiting,Peach,9/12/26,
t1.1.17,Reset Password – Previously received OTP is no longer valid after requesting a new OTP,"1. The Teller App is launched.
2. The user is on the OTP verification screen for reset password.
","1. Click the ""Request a new OTP"" link.
2. Attempt to enter the previously received OTP.
3. Observe system behavior.
4. Repeat with further OTP resend attempts.","1. System displays:
""OTP is either invalid or has expired, Please try again or request a new OTP.""

2. All previously sent OTPs are invalidated once a new OTP is generated.",,,,Peach,9/11/26,
t1.1.18,Reset Password – Validation on the 5th failed OTP attempt (maximum allowed attempts),"1. The Teller App is launched.
2. The user is on the OTP verification screen for reset password.
3. System allows a max of 5 OTP input attempts per session.","1. Enter invalid OTP 4 times.
2. On the 5th attempt, enter another invalid OTP.
3. Observe system response.
4. Click ""CONFIRM"".","1. After the 5th failed attempt, system shows:
“Verification Failed: You have reached the maximum number of attempts. For your security, we’re redirecting you to the previous page.”

2. User is redirected back to the Reset Password page.",,https://qa-jo.github.io/teller-automation/reports/2026-09_full-regression/,rerun since first run failed due to rate limiting,Peach,9/12/26,
t1.1.19,Reset Password – Validation on 5th OTP attempt across multiple resend requests,"1. The Teller App is launched.
2. The user is on the OTP verification screen for reset password.
3. System allows a max of 5 OTP input attempts per session.","1. Enter 2 invalid OTPs.
2. Click the ""Request a new OTP"" link.
3. Enter 2 more invalid OTPs.
4. Click the ""Request a new OTP"" link again.
5. Enter a 5th invalid OTP.
6. Observe system response.
7. Click ""CONFIRM"".","1. After the 5th failed attempt, system shows:
“Verification Failed
You have reached the maximum number of attempts. For your security, we're redirecting you to the previous page.""

2. User is redirected back to the Reset Password page.",,,,Peach,9/11/26,
t1.1.20,Reset Password – Behavior when OTP session expires before reaching max attempts,"1. The Teller App is launched.
2. The user is on the OTP verification screen for reset password.
3. The OTP session timeout is set (e.g., 5 minutes).","1. Enter invalid OTP 3 times within the active session.
2. Wait for OTP session to expire (e.g., after 5 minutes).
3. Attempt to enter another OTP (4th attempt) regardless of validity.
4. Click the ""Request a new OTP"" link.
5. Click ""CONFIRM"".","1. On 4th input after session expiry, system shows:
“OTP is either invalid or has expired. Please try again or request a new OTP.”

2. After clikcing ""Request a new OTP"" , system shows:
“Your one-time password has expired. Request a new code to continue.

3. Clicking ""Request New Code"" redirects user to the login screen and resets the OTP session.",,,manually tested since it takes 5 mins and needs the real OTP,Peach,9/11/26,
t1.1.21,Reset Password - Verify that the user's email is blocked for 60 minutes after 3 unverified Reset Password OTP sessions with 5 invalid attempts per session,"1.User is registered.
2. Email is not currently blocked.
","1. Initiate Reset Password Session #1
 - Enter 5 incorrect OTP(s)
2. Initiate Reset Password Session #2
 - Enter 5 incorrect OTP(s)
3. Initiate Reset Password Session #3
 - Enter 5 incorrect OTP(s)

4. Attempt to initiate Reset Password Session #4
5. Click ""CONFIRM""","1. After the 3rd unverified OTP session, if all 3 occurred within 15 minutes, the system blocks the user's email for 60 minutes.

2. After the 3rd unverified session, an error message is displayed:
""You have exceeded the maximum number of OTP attempts. You can try again in 59 mins.""

3. Any attempt in resetting the password during the block period should return an error message:

""You have exceeded the maximum number of OTP attempts. You can try again in <time remaining> minutes.""

4. Clicking ""CONFIRM"" will close the modal and user is still on the Reset Password page

5. Email sent to the costomer.
Subject: Security Notice: Unusual Activity Detected on Your Account

Body:
Hi <Teller Name>,

We noticed several attempts to access your account that exceeded our security limits. To help keep your account safe, we’ve temporarily locked it as a precaution.

If these attempts were made by you, no further action is needed. You can try signing in again after the cooldown period. If you need immediate access, please contact <replace customer support email> for assistance with resetting your account.",,,manual,Peach,9/16/26,
t1.1.22,Reset Password- Verify that the user's email is blocked for 60 minutes after 3 unverified Reset Password OTP sessions (abandoned sessions),"1.User is registered.
2. Email is not currently blocked.
","1. Initiate Reset Password Session #1
 - Leave the OTP input field blank
 - Cancel the OTP verification and go back to login page.

2. Initiate Reset Password Session #2
 - Leave the OTP input field blank
 - Cancel the OTP verification and go back to login page.

3. Initiate Reset Password Session #3
 - Leave the OTP input field blank
 - Cancel the OTP verification and go back to login page.

4. Attempt to initiate Reset Password Session #4","1. After the 3rd unverified OTP session, if all 3 occurred within 15 minutes, the system blocks the user's email for 60 minutes.

2. After the 3rd unverified session, an error message is displayed:
""You have exceeded the maximum number of OTP attempts. You can try again in 59 mins.""

3. Any attempt in resetting the password during the block period should return an error message:

""You have exceeded the maximum number of OTP attempts. You can try again in <time remaining> minutes.""

4. Clicking ""CONFIRM"" will close the modal and user is still on the Login page

5. Email sent to the costomer.
Subject: Security Notice: Unusual Activity Detected on Your Account

Body:
Hi <Teller Name>,

We noticed several attempts to access your account that exceeded our security limits. To help keep your account safe, we’ve temporarily locked it as a precaution.

If these attempts were made by you, no further action is needed. You can try signing in again after the cooldown period. If you need immediate access, please contact <replace customer support email> for assistance with resetting your account.",,,manual,Peach,9/16/26,
t1.1.23,Reset Password - Verify that a user receives a blocking error message when trying to reset password through Reset Password process with an email address that is currently blocked.,1. The user's email has been blocked due to failed OTP attempts ,"1. During the 60-minute blocking period, attempt to reset password using the blocked email address multiple times.
2. Observe the system’s response.","1. System does not proceed with OTP generation.

2. A clear error message is displayed indicating the email is blocked:

""You have exceeded the maximum number of OTP attempts. You can try again in <time remaining> minutes.""

3. Each time the user attempts to initiate forgot password while the email is still blocked, the system displays the same error message, with the remaining block time updated accordingly.",,,manual,Peach,9/16/26,
t1.1.24,Reset Password - Verify that a user can reset password successfully through Reset password  with a valid OTP after the 60-minute block period has expired.,1. The user's email was blocked and 60 minutes have passed.,"1. Wait until 60 minutes have passed since the block was applied.
2. Attempt to initiate Reset Password using the same email.
3. Enter the correct OTP.","1.Forgot password process resumes normally.
2. OTP is sent and validated successfully.
3. Password update is successful..",,,manual,Peach,4/23/26,
t1.1.25,Reset Password - Verify that the system does not block the user if they input a valid OTP on the 5th attempt during the 3rd Reset Password OTP  session,"1. User is registered.
2. Two previous Reset password sessions have already occurred, both unverified and/or expired.
5. Each session allows up to 5 OTP attempts.","1. Initiate Reset password Session #3
2. Enter 4 incorrect OTPs.
3. On the 5th attempt, enter the correct OTP.
4. Observe the outcome of the session.","1. Session #3 is considered verified.
2. Blocking is not triggered (since only 2 sessions were unverified in last 10 minutes).",,,manual,Peach,9/16/26,
t1.1.26,Reset Password - Verify that the system does not block the user if the 3 unverified Reset Password OTP sessions span more than 15 minutes,"1.User is registered.
2. Email is not currently blocked.
3. Blocking occurs only after 3 unverified sessions within 10 minutes.","1. Start Session #1
 - Time: 00:00:00
 - Enter 2 incorrect OTPs then exit
 - Ends at: 00:05:00 min

2. Start  Session #2
 - Time: 00:05:00 min
 - Request OTP.
 - Enter 2 incorrect OTPs then exit
 - Ends at: 00:10:00 min

3. Wait for 5 mins
 - Time: 00:10:00 min
 - Ends at 00:15:00 min

4. Start Session #3
- Time: 00:16:00 min
- Enter incorrect OTPs then exit.
- Ends at: 00:20:00 mins

5. Start Session #4
 - Time: 00:20:00 or 00:21:00  min
 - Attempt to initiate Reset Password session using the same email.","1. The system does not block the user.

2. The system evaluates the previous sessions:

 - Session #1: ended at 00:05

 - Session #3: started at 00:16 → more than 15 minutes since #1 ended

Therefore, the 3 unverified sessions do not fall within a 15-minute window.

3. Session #4 is allowed.

4. OTP is sent normally.

5. No blocking error is shown.",,,manual,Peach,4/23/26,
t1.2 Login,,,,,,,,,,
t1.2.1,Normal Login with Valid Existing Credentials,"1. User account is active and has a valid password or has already reset the password.
2. User is on the login page.","1. Enter valid email.
2. Enter valid password.
3. Click LOG IN button.",1. User is successfully logged in and redirected to the default landing page (Customers module).,,https://qa-jo.github.io/teller-automation/reports/2026-09_full-regression/,"in this run, tests after t1.2.5 failed because of rate limit, separate run is done for other tCs",Peach,9/11/26,
t1.2.2,Verify system treats email addresses as case-insensitive during login,"1. User account is active with a valid password.
2. User is on the login page.","1. Enter valid email in mixed-case/uppercase/lowercase format.
2. Enter the current valid password.
3. Click LOG IN.","1. User is successfully authenticated.

2. User is redirected to the Customers module dashboard.",,https://qa-jo.github.io/teller-automation/reports/2026-09_full-regression/,"in this run, tests after t1.2.5 failed because of rate limit, separate run is done for other tCs",Peach,9/11/26,
t1.2.3,Login with Invalid Email,User is on the login page.,"1. Enter an email that is not registered.
2. Enter any password.
3. Click LOG IN button.","1. Error message is displayed:
""Incorrect email address or password, please try again.""

2. User is not logged in.",,https://qa-jo.github.io/teller-automation/reports/2026-09_full-regression/,"in this run, tests after t1.2.5 failed because of rate limit, separate run is done for other tCs",Peach,9/11/26,
t1.2.4,Login with Incorrect Password,"1. Valid email exists in the system.
2. User is on the login page.","1. Enter valid email.
2. Enter an incorrect password.
3. Click LOG IN button.","1. Error message is displayed:
""Incorrect email address or password, please try again.""

2. User is not logged in.",,https://qa-jo.github.io/teller-automation/reports/2026-09_full-regression/,"in this run, tests after t1.2.5 failed because of rate limit, separate run is done for other tCs",Peach,9/11/26,
t1.2.5,Login with Blank Email and Password,User is on the login page.,"1. Leave email and password fields blank.
2. Click LOG IN button.","1. The LOG IN button should still be disabled.
2. User is not logged in.",,https://qa-jo.github.io/teller-automation/reports/2026-09_full-regression/,"in this run, tests after t1.2.5 failed because of rate limit, separate run is done for other tCs",Peach,9/11/26,
t1.2.6,Session Timeout - Standard Inactivity (Desktop),"1. User is successfully logged in to the Higala Alegre Dashboard. 
2. The user is on the Customers module or any active page.","1. Log in successfully. 
2. Navigate to a stable page (e.g., Customers). 
3. Leave the browser tab/application open and idle for 5 minutes and 1 second (5:01). 
4. Attempt to click a link or button","1. The user's session should be automatically terminated. 
2. The user should be immediately redirected to the Login page with the modal: 

""Session Expired
For security reasons, you need to sign in again to continue using the app.""",,,manual,Peach,9/11/26,
t1.2.7,Session Timeout - Activity Resets Timer,"1. User is successfully logged in. 
2. The user is on an active page.","1. Log in successfully. 
2. Leave the application/browser open and idle for 4 minutes and 50 seconds (4:50). 
3. Perform a non-destructive action (e.g., navigate from ""Customers"" to ""Accounts""). 
4. Wait an additional 30 seconds. 
5. Attempt to perform another action","1. The activity in step 3 should successfully reset the 5-minute inactivity timer. 
2. The user should remain logged in and successfully complete the action in step 5, confirming the session did not expire.",,,manual,Peach,9/11/26,
t1.2.8,Session Timeout - Backgrounded Tab/Minimized Window,"1. User is successfully logged in to the Higala Alegre Dashboard. 
2. The user is on the Customers module.","1. Log in successfully. 
2. Minimize the browser window OR switch to a different browser tab/application. 
3. Leave the Higala tab inactive for 5 minutes and 1 second (5:01). 
4. Restore the Higala tab","1. The user's session should be automatically terminated regardless of the browser state (minimized/backgrounded tab). 
2. The user should be immediately redirected to the Login page with the modal: 

""Session Expired
For security reasons, you need to sign in again to continue using the app.""",,,manual,Peach,9/11/26,
t1.2.9,Verify account is not blocked when user has Incorrect attempts but under threshold,"1. User is on the login page.
2. User has a valid account.","1. Enter incorrect credentials 4 times consecutively.
2. On the 5th attempt, enter the correct credentials.","1. For the invalid attempts, the system displays the login error message. The user may retry until the 5th attempt.
2. On the 5th attempt with vlid creds, the system successfully processes the credentials redirects the user to the home page.",,https://qa-jo.github.io/teller-automation/reports/2026-09_full-regression/,rerun due to rate limit in first attempt,Peach,9/11/26,
t1.2.10,Verify account is blocked after 5 consecutive failed login attempts,"1. User is on the login page.
2. User has a valid account.",1. Enter incorrect password 5 times consecutively.,"1. On the 5th failed attempt, system blocks the account.
2. Displays message: “This account has reached the maximum number of login attempts. Please try again after 5 minutes.”
3. All further login attempts denied during cooldown.
4. Email is sent to the customer.
Subject: Security Alert: Your Account Has Been Temporarily Locked

Body:
Hi <Teller Name>,

Your account has been locked after several incorrect password entries. This is a standard security measure to protect your credentials and the bank’s systems.

If this activity was not done by you, please report it immediately to support@higala.ph.",,https://qa-jo.github.io/teller-automation/reports/2026-09_full-regression/,rerun due to rate limit in first attempt,Peach,9/12/26,
t1.2.11,Verify blocked account cannot log in during 5-minute cooldown,"1. User is on the login page.
2. Account blocked due to 5 failed attempts.
3. 5-minute cooldown not expired.",1. Try logging in with correct credentials during cooldown.,"1. Login is denied.
2. Message:  “This account has reached the maximum number of login attempts. Please try again after 5 minutes.”",,https://qa-jo.github.io/teller-automation/reports/2026-09_full-regression/,rerun due to rate limit in 1st and 2nd attempt,Peach,9/11/26,
t1.2.12,Verify account automatically unlocks after cooldown,"1. User is on the login page.
2. Account previously blocked due to failed attempts.
3. 5 minutes passed.",1. Log in with valid credentials after cooldown expires.,1. The system successfully processes the credentials and user is redirected to the home page.,,,manual,Peach,9/11/26,
t1.2.13,Verify failed attempt counter persists across sessions/devices,1. User failed login 3 times on Device A.,1. Attempt login with same account on Device B using wrong password 2 times.,"1. Counter continues from Device A (e.g., 4th attempt).
2. Account blocks on 5th attempt overall.",,,simulated by using 2 different browsers,Peach,9/11/26,
t1.2.14,Verify blocking applies per account (not per device/IP),1. Account is blocked on Device A.,1. Attempt login on Device B.,"1. Login blocked.
2. Message indicates account-level lockout.",,,simulated by using 2 different browsers,Peach,9/11/26,
t1.2.15,Verify password reset during block period lifts block,1. Account blocked after failed attempts.,"1. Perform Forgot Password.
2. Reset password.
3. Log in with new credentials.","1. Login successful even before cooldown ends.
2. Counter resets.
3. Block lifted automatically.",,https://qa-jo.github.io/teller-automation/reports/2026-09_full-regression/,,Peach,9/11/26,
t1.2.16,Verify counter resets to zero after successful login ,1. User is on login page.,"1. Enter incorrect credentials 4 times consecutively.
2. On the 5th attempt, enter the correct credentials.
3. Enter incorrect credentials 5 times consecutively.","1. After a successful login, user can have another max 5 attempts.
2. On the 5th attempt, user is now blocked.
3. Email is sent to the customer. 
Subject: Security Notice: Unusual Activity Detected on Your Account

Body:
Hi <Teller Name>,

We noticed several attempts to access your account that exceeded our security limits. To help keep your account safe, we’ve temporarily locked it as a precaution.

If these attempts were made by you, no further action is needed. You can try signing in again after the cooldown period. If you need immediate access, please contact <replace customer support email> for assistance with resetting your account.",,,manual,Peach,9/11/26,
t1.2.17,Verify failed login with incorrect email address,1. User is on login page.,1. Login using incorrect or unregistered email and any password 5 times consecutively.,"1. On the 5th failed attempt, system blocks the account.
2. Displays message: “This account has reached the maximum number of login attempts. Please try again after 5 minutes.”
3. All further login attempts denied during cooldown.
4. Email is sent to the customer. 
Subject: Security Notice: Unusual Activity Detected on Your Account

Body:
Hi <Teller Name>,

We noticed several attempts to access your account that exceeded our security limits. To help keep your account safe, we’ve temporarily locked it as a precaution.

If these attempts were made by you, no further action is needed. You can try signing in again after the cooldown period. If you need immediate access, please contact <replace customer support email> for assistance with resetting your account.",,,manual,Peach,9/12/26,
t1.2.18,Verify failed login with incorrect temporary password,1. Account is under password reset flow.,1. Enter correct email but invalid temporary password 5 times consecutively.,"1. On the 5th failed attempt, system blocks the account.
2. Displays message: “This account has reached the maximum number of login attempts. Please try again after 5 minutes.”
3. All further login attempts denied during cooldown.
4. Email is sent to the customer. 
Subject: Security Notice: Unusual Activity Detected on Your Account

Body:
Hi <Teller Name>,

We noticed several attempts to access your account that exceeded our security limits. To help keep your account safe, we’ve temporarily locked it as a precaution.

If these attempts were made by you, no further action is needed. You can try signing in again after the cooldown period. If you need immediate access, please contact <replace customer support email> for assistance with resetting your account.",,,manual,Peach,9/12/26,
t1.2.20,Verify user can logout successfully,"1. User is logged in.
2. User is anywhere on the web app.","1. In the left sidebar, click ""Logout""","1. User logs out successfully.
2. User is redirected to the login page.",,https://qa-jo.github.io/teller-automation/reports/2026-09_full-regression/,,Peach,9/12/26,
t1.3 Forget Password,,,,,,,,,,
t1.3.1,Reset Password via Forgot Password,"1. The user is registered as a Teller user.
2. The user is on the login page at:
","1. Click on ""Forgot password?""
2. Enter email
3. Click on SEND VERIFICATION CODE button
4. Enter OTP received via email
5. Click on CONTINUE
6. Enter the new password
7. Re-enter the new password
8. Click on RESET PASSWORD button","1. A modal is displayed with the message:
""Success! Password has been changed successfully."" ",,https://qa-jo.github.io/teller-automation/reports/2026-09_full-regression/,,Peach,9/12/26,
t1.3.2,Verify system treats email addresses as case-insensitive during Forgot Password,"1. User is registered as a Teller user.

2. User is on the login page.","1. Click ""Forgot password?"".
2. Enter email in mixed-case/uppercase/lowercase format.
3. Click SEND VERIFICATION CODE.
4. Enter OTP from email and click CONTINUE.
5. Enter and confirm a new password.
6. Click RESET PASSWORD.","1. System recognizes the email and sends the OTP.
2. A modal displays: ""Success! Password has been changed successfully.""",,https://qa-jo.github.io/teller-automation/reports/2026-09_full-regression/,,Peach,9/11/26,
t1.3.3,Forgot Password with Unregistered Email,1. The user is on the login page:https://alegre-dashboard.int.itg.higala.ph/rural-bank-san-antonio/login,"1. Click Forgot password?
2. Enter an unregistered or invalid email.
3. Click SEND VERIFICATION CODE.","1. Error message is displayed:
""Email address is invalid, please try again.""

2. OTP is not sent.",,https://qa-jo.github.io/teller-automation/reports/2026-09_full-regression/,,Peach,9/11/26,
t1.3.4,Forgot Password – Blank Email Field,"1. User is on the Reset your password screen after clicking ""Forgot Password?""","1. Type email 
2. Then delete email input","1. Error message is displayed 
""Email is required.""",,https://qa-jo.github.io/teller-automation/reports/2026-09_full-regression/,,Peach,9/11/26,
t1.3.5,Forgot Password – Invalid Email Format,"1. User is on the Reset your password screen after clicking ""Forgot Password?""",1. Type email of invalid format ,"1. Error message is displayed 
""Invalid email format.""",,https://qa-jo.github.io/teller-automation/reports/2026-09_full-regression/,,Peach,9/11/26,
t1.3.6,Forgot Password – Mismatched Password and Confirm Password,User has passed OTP verification and is on the password reset screen.,"1. Enter a new password.
2. Enter a different value in Confirm Password.
3. Click RESET PASSWORD.","1. Error message is shown:
“Passwords do not match.”

2. The RESET PASSWORD button should still be disabled.",,lacking period (.),https://qa-jo.github.io/teller-automation/reports/2026-09_full-regression/,Peach,9/11/26,
t1.3.7,Forgot Password – Leave Password Fields Blank,User is on the password reset screen.,"1. Leave one or more required fields (e.g., new password or confirm password) blank.
2. Click the RESET PASSWORD button.","1. The RESET PASSWORD button should still be disabled.
2. Or if the passwords were deleted, error message is displayed 

""<Password field> is required.""",,https://qa-jo.github.io/teller-automation/reports/2026-09_full-regression/,,Peach,9/11/26,
t1.3.8,Forgot Password – Password Too Short,User is on the Reset Password screen (after OTP verification).,"1. Enter a password with fewer than 8 characters (e.g., Abc1!).
2. Observe the validation message.","1. Error message is shown::
""Password must contain a minimum of 8 characters.""
2. The RESET PASSWORD button should still be disabled.",,https://qa-jo.github.io/teller-automation/reports/2026-09_full-regression/,,Peach,9/11/26,
t1.3.9,Forgot Password – Password Without Uppercase Letter,User is on the Reset Password screen.,"1. Enter a password without any uppercase letters (e.g., abc123!@#).","1. Error message is shown:
""Password must include at least one uppercase letter.""
2. The RESET PASSWORD button should still be disabled.",,https://qa-jo.github.io/teller-automation/reports/2026-09_full-regression/,,Peach,9/11/26,
t1.3.10,Forgot Password – Password Without Number,User is on the Reset Password screen.,"1. Enter a password without any numbers (e.g., Abcdef!@#).","1. Error message is shown:
""Password must include at least one number.""
2. The RESET PASSWORD button should still be disabled.",,https://qa-jo.github.io/teller-automation/reports/2026-09_full-regression/,,Peach,9/11/26,
t1.3.11,Forgot Password – Password Without Special Character,User is on the Reset Password screen.,"1. Enter a password without any special characters (e.g., Abcdef123).","1. Error message is shown:
""Password must include at least one special character.""
2. The RESET PASSWORD button should still be disabled.",,https://qa-jo.github.io/teller-automation/reports/2026-09_full-regression/,,Peach,9/11/26,
t1.3.12,Forgot Password – Sequential Validation of Multiple Violations,User is on the Reset Password screen.,"1. Enter a password like abc123 (less than 8 characters, no uppercase, no special character).
2. Observe the validation message displayed.
3. Fix the first validation error (e.g., make it 8 characters), then observe the next validation message.
4. Repeat until all rules are fulfilled.","1. Only one validation message is displayed at a time, depending on the first unmet condition:

• If too short → ""Password must contain a minimum of 8 characters.""
• Once length is valid, next error shown → e.g., ""Password must include at least one uppercase letter.""
• And so on, until all rules are met and no error message is shown.",,https://qa-jo.github.io/teller-automation/reports/2026-09_full-regression/,,Peach,9/11/26,
t1.3.13,Forgot Password – Invalid OTP,"1. User has received OTP input prompt.
2. User is on the OTP Verification Screen.","1. Enter an invalid or expired OTP.
2. Click CONTINUE.","1. Error message is displayed:
“OTP is either Invalid or has expired, Please try again.”

2. User remains on OTP entry screen.",,https://qa-jo.github.io/teller-automation/reports/2026-09_full-regression/,,Peach,9/12/26,
t1.3.14,Forgot Password – Leave OTP Blank,"1. User has received OTP input prompt.
2. User is on the OTP Verification Screen.","1. Leave the OTP field blank.
2. Click CONTINUE.","1. The CONTINUE button should still be disabled.
2. User remains on OTP entry screen.",,https://qa-jo.github.io/teller-automation/reports/2026-09_full-regression/,,Peach,9/12/26,
t1.3.15,Forgot Password – User cannot request a new OTP before the 1-minute cooldown period has passed,"1. The Teller App is launched.
2. The user is on the OTP verification screen for forgot password.
3. The 1-minute cooldown has not yet elapsed.","1. Find and click the ""Request a new OTP"" link.","1. The ""Request a new OTP"" is not yet displayed
2. No new OTP should be generated or sent.
3. The countdown timer should continue until the full 1-minute duration completes.",,https://qa-jo.github.io/teller-automation/reports/2026-09_full-regression/,,Peach,9/12/26,
t1.3.16,Forgot Password – User can request a new OTP after the cooldown,"1. The Teller App is launched.
2. The user is on the OTP verification screen for forgot password.
3. The previous OTP has expired or the 1-minute cooldown has completed.","1. Click the ""Request a new OTP"" link.
2. Check the registered email for a new OTP.
3. Enter the newly received OTP.
4. Click on CONTINUE button.","1. The user receives the new OTP via email.
2. A modal is displayed with the message:
""Success! Password has been changed successfully.""",,https://pvillados-nmblr.github.io/teller-automation/reports/rural-bank-san-antonio/t1.3.13-17/report.html#totals,,Peach,4/22/26,
t1.3.17,Forgot Password – Previously received OTP is no longer valid after requesting a new OTP,"1. The Teller App is launched.
2. The user is on the OTP verification screen for forgot password.
","1. Click the ""Request a new OTP"" link.
2. Attempt to enter the previously received OTP.
3. Observe system behavior.
4. Repeat with further OTP resend attempts.","1. System displays:
""OTP is either invalid or has expired, Please try again or request a new OTP.""

2. All previously sent OTPs are invalidated once a new OTP is generated.",,,,Peach,9/11/26,
t1.3.18,Forgot Password – Validation on the 5th failed OTP attempt (maximum allowed attempts),"1. The Teller App is launched.
2. The user is on the OTP verification screen for forgot password.
3. System allows a max of 5 OTP input attempts per session.","1. Enter invalid OTP 4 times.
2. On the 5th attempt, enter another invalid OTP.
3. Observe system response.
4. Click ""CONFIRM"".","1. After the 5th failed attempt, system shows:
“Verification Failed: You have reached the maximum number of attempts. For your security, we’re redirecting you to the previous page.”

2. User is redirected back to the Reset your password page.",,,manually tested to avoid rate limit,Peach,9/11/26,
t1.3.19,Forgot Password – Validation on 5th OTP attempt across multiple resend requests,"1. The Teller App is launched.
2. The user is on the OTP verification screen for forgot password.
3. System allows a max of 5 OTP input attempts per session.","1. Enter 2 invalid OTPs.
2. Click the ""Request a new OTP"" link.
3. Enter 2 more invalid OTPs.
4. Click the ""Request a new OTP"" link again.
5. Enter a 5th invalid OTP.
6. Observe system response.
7. Click ""CONFIRM"".","1. After the 5th failed attempt, system shows:
“Verification Failed
You have reached the maximum number of attempts. For your security, we're redirecting you to the previous page.""

2. User is redirected back to the Reset your password page.",,,,Peach,9/11/26,
t1.3.20,Forgot Password – Behavior when OTP session expires before reaching max attempts,"1. The Teller App is launched.
2. The user is on the OTP verification screen for forgot password.
3. The OTP session timeout is set (e.g., 5 minutes).","1. Enter invalid OTP 3 times within the active session.
2. Wait for OTP session to expire (e.g., after 5 minutes).
3. Attempt to enter another OTP (4th attempt) regardless of validity.
4. Click the ""Request a new OTP"" link.
5. Click ""CONFIRM"".","1. On 4th input after session expiry, system shows:
“OTP is either invalid or has expired. Please try again or request a new OTP.”

2. After clicking ""Request a new OTP"" , system shows:
“Your one-time password has expired. Request a new code to continue.

3. Clicking ""Request New Code"" redirects user back to the Reset your password page.",,,manually tested since it takes 5 mins and needs the real OTP,Peach,9/11/26,
t1.3.21,Forgot Password - Verify that the user's email is blocked for 60 minutes after 3 unverified Forgot Password OTP sessions with 5 invalid attempts per session,"1.User is registered.
2. Email is not currently blocked.
","1. Initiate Forgot Password Session #1
 - Enter 5 incorrect OTP(s)
2. Initiate Forgot Password Session #2
 - Enter 5 incorrect OTP(s)
3. Initiate Forgot Password Session #3
 - Enter 5 incorrect OTP(s)

4. Attempt to initiate Forgot Password Session #4
5. Click ""CONFIRM""","1. After the 3rd unverified OTP session, if all 3 occurred within 15 minutes, the system blocks the user's email for 60 minutes.

2. After the 3rd unverified session, an error message is displayed:
""You have exceeded the maximum number of OTP attempts. You can try again in 59 mins.""

3. Any attempt in clicking ""SEND VERIFICATION CODE"" from the Forgot Password page during the block period should return an error message:

""You have exceeded the maximum number of OTP attempts. You can try again in <time remaining> minutes.""

4. Clicking ""CONFIRM"" will close the modal and user is still on the Forgot Password page

5. Email sent to the costomer.
Subject: Security Notice: Unusual Activity Detected on Your Account

Body:
Hi <Teller Name>,

We noticed several attempts to access your account that exceeded our security limits. To help keep your account safe, we’ve temporarily locked it as a precaution.

If these attempts were made by you, no further action is needed. You can try signing in again after the cooldown period. If you need immediate access, please contact <replace customer support email> for assistance with resetting your account.",,,manual,Peach,9/16/26,
t1.3.22,Forgot Password- Verify that the user's email is blocked for 60 minutes after 3 unverified Forgot Password OTP sessions (abandoned sessions),"1.User is registered.
2. Email is not currently blocked.
","1. Initiate Forgot Password Session #1
 - Leave the OTP input field blank
 - Cancel the OTP verification and go back to home page.

2. Initiate Forgot Password Session #2
 - Leave the OTP input field blank
 - Cancel the OTP verification and go back to home page.

3. Initiate Forgot Password Session #3
 - Leave the OTP input field blank
 - Cancel the OTP verification and go back to home page.

4. Attempt to initiate Forgot Password Session #4","1. After the 3rd unverified OTP session, if all 3 occurred within 15 minutes, the system blocks the user's email for 60 minutes.

2. After the 3rd unverified session, an error message is displayed:
""You have exceeded the maximum number of OTP attempts. You can try again in 59 mins.""

3. Any attempt in clicking ""SEND VERIFICATION CODE"" from the Forgot Password page during the block period should return an error message:

""You have exceeded the maximum number of OTP attempts. You can try again in <time remaining> minutes.""

4. Clicking ""CONFIRM"" will close the modal and user is still on the Forgot Password page

5. Email sent to the costomer.
Subject: Security Notice: Unusual Activity Detected on Your Account

Body:
Hi <Teller Name>,

We noticed several attempts to access your account that exceeded our security limits. To help keep your account safe, we’ve temporarily locked it as a precaution.

If these attempts were made by you, no further action is needed. You can try signing in again after the cooldown period. If you need immediate access, please contact <replace customer support email> for assistance with resetting your account.",,,manual,Peach,9/16/26,
t1.3.23,Forgot Password - Verify that a user receives a blocking error message when trying to reset password through Forgot Password process with an email address that is currently blocked.,1. The user's email has been blocked due to failed OTP attempts ,"1. During the 60-minute blocking period, attempt to reset password using the blocked email address multiple times.
2. Observe the system’s response.","1. System does not proceed with OTP generation.

2. A clear error message is displayed indicating the email is blocked:

""You have exceeded the maximum number of OTP attempts. You can try again in <time remaining> minutes.""

3. Each time the user attempts to initiate forgot password while the email is still blocked, the system displays the same error message, with the remaining block time updated accordingly.",,,manual,Peach,9/16/26,
t1.3.24,Forgot Password - Verify that a user can reset password successfully through forgot password  with a valid OTP after the 60-minute block period has expired.,1. The user's email was blocked and 60 minutes have passed.,"1. Wait until 60 minutes have passed since the block was applied.
2. Attempt to initiate Forgot Password using the same email.
3. Enter the correct OTP.","1.Forgot password process resumes normally.
2. OTP is sent and validated successfully.
3. Password update is successful..",,,manual,Peach,4/23/26,
t1.3.25,Forgot Password - Verify that the system does not block the user if they input a valid OTP on the 5th attempt during the 3rd Forgot Password OTP  session,"1. User is registered.
2. Two previous forgot password sessions have already occurred, both unverified and/or expired.
5. Each session allows up to 5 OTP attempts.","1. Initiate forgot password Session #3
2. Enter 4 incorrect OTPs.
3. On the 5th attempt, enter the correct OTP.
4. Observe the outcome of the session.
5. Attempt to initiate forgot password Session #4.","1. Session #3 is considered verified.
2. Blocking is not triggered (since only 2 sessions were unverified in last 10 minutes).
3. Session #4 starts normally.
4. User is not blocked.",,,manual,Peach,9/16/26,
t1.3.26,Forgot Password - Verify that the system does not block the user if the 3 unverified Forgot Password OTP sessions span more than 15 minutes,"1.User is registered.
2. Email is not currently blocked.
3. Blocking occurs only after 3 unverified sessions within 10 minutes.","1. Start Session #1
 - Time: 00:00:00
 - Enter 2 incorrect OTPs then exit
 - Ends at: 00:05:00 min

2. Start  Session #2
 - Time: 00:05:00 min
 - Request OTP.
 - Enter 2 incorrect OTPs then exit
 - Ends at: 00:10:00 min

3. Wait for 5 mins
 - Time: 00:10:00 min
 - Ends at 00:15:00 min

4. Start Session #3
- Time: 00:16:00 min
- Enter incorrect OTPs then exit.
- Ends at: 00:20:00 mins

5. Start Session #4
 - Time: 00:20:00 or 00:21:00  min
 - Attempt to initiate Forgot Password session using the same email.","1. The system does not block the user.

2. The system evaluates the previous sessions:

 - Session #1: ended at 00:05

 - Session #3: started at 00:16 → more than 15 minutes since #1 ended

Therefore, the 3 unverified sessions do not fall within a 15-minute window.

3. Session #4 is allowed.

4. OTP is sent normally.

5. No blocking error is shown.",,,manual,Peach ,4/23/26,
t1.4 Change Password,,,,,,,,,,
t1.4.1,Reset Password via Change Password,"1. The user is registered as a Teller user.
2. The user is on the login page at:
https://alegre-dashboard.int.itg.higala.ph/rural-bank-san-antonio/login","1. Click on the dropdown next to the name on the top right
2. Click on Change password
3. Enter the current password
4. Enter the new password
5. Re-enter the new password
6. Click on Continue button
7. Enter OTP received via email","1. A modal is displayed with the message:
""Password has been changed succesfully.""",,https://qa-jo.github.io/teller-automation/reports/2026-09_full-regression/,,Peach,9/12/26,
t1.4.2,Change Password – Mismatched Password and Confirm Password,User has passed OTP verification and is on the password reset screen.,"1. Enter a new password.
2. Enter a different value in Confirm Password.
3. Click RESET PASSWORD.","1. Error message is shown:
“Passwords do not match.”

2. The CONTINUE button should still be disabled.",,lacking period (.),https://qa-jo.github.io/teller-automation/reports/2026-09_full-regression/,Peach,9/12/26,
t1.4.3,Change Password – Leave Password Fields Blank,User is on the password reset screen.,"1. Leave one or more required fields (e.g., new password or confirm password) blank.
2. Click the RESET PASSWORD button.","1. The CONTINUEbutton should still be disabled.
2. Or if the passwords were deleted, error message is displayed 

""<Password field> is required.""",,https://qa-jo.github.io/teller-automation/reports/2026-09_full-regression/,,Peach,9/12/26,
t1.4.4,Change Password – Password Too Short,User is on the Reset Password screen (after OTP verification).,"1. Enter a password with fewer than 8 characters (e.g., Abc1!).
2. Observe the validation message.","1. Error message is shown:
""Password must contain a minimum of 8 characters.""
2. The CONTINUEbutton should still be disabled.",,https://qa-jo.github.io/teller-automation/reports/2026-09_full-regression/,,Peach,9/12/26,
t1.4.5,Change Password – Password Without Uppercase Letter,User is on the Reset Password screen.,"1. Enter a password without any uppercase letters (e.g., abc123!@#).","1. Error message is shown:
""Password must include at least one uppercase letter.""
2. The CONTINUE button should still be disabled.",,https://qa-jo.github.io/teller-automation/reports/2026-09_full-regression/,,Peach,9/12/26,
t1.4.6,Change Password – Password Without Number,User is on the Reset Password screen.,"1. Enter a password without any numbers (e.g., Abcdef!@#).","1. Error message is shown:
""Password must include at least one number.""
2. The CONTINUE button should still be disabled.",,https://qa-jo.github.io/teller-automation/reports/2026-09_full-regression/,,Peach,9/12/26,
t1.4.7,Change Password – Password Without Special Character,User is on the Reset Password screen.,"1. Enter a password without any special characters (e.g., Abcdef123).","1. Error message is shown:
""Password must include at least one special character.""
2. The CONTINUE button should still be disabled.",,https://qa-jo.github.io/teller-automation/reports/2026-09_full-regression/,,Peach,9/12/26,
t1.4.8,Change Password – Sequential Validation of Multiple Violations,User is on the Reset Password screen.,"1. Enter a password like abc123 (less than 8 characters, no uppercase, no special character).
2. Observe the validation message displayed.
3. Fix the first validation error (e.g., make it 8 characters), then observe the next validation message.
4. Repeat until all rules are fulfilled.","1. Only one validation message is displayed at a time, depending on the first unmet condition:

• If too short → ""Password must contain a minimum of 8 characters.""
• Once length is valid, next error shown → e.g., ""Password must include at least one uppercase letter.""
• And so on, until all rules are met and no error message is shown.",,https://qa-jo.github.io/teller-automation/reports/2026-09_full-regression/,,Peach,9/12/26,
t1.4.9,Change Password – Invalid OTP,"1. User has received OTP input prompt.
2. User is on the OTP Verification Screen.","1. Enter an invalid or expired OTP.
2. Click CONTINUE.","1. Error message is displayed:
“OTP is either Invalid or has expired, Please try again.”

2. User remains on OTP entry screen.",,,manually tested to avoid rate limit,Peach,9/12/26,
t1.4.10,Change Password – Leave OTP Blank,"1. User has received OTP input prompt.
2. User is on the OTP Verification Screen.","1. Leave the OTP field blank.
2. Click CONTINUE.","1. The CONTINUE button should still be disabled.
2. User remains on OTP entry screen.",,,manually tested to avoid rate limit,Peach,9/12/26,
t1.4.11,Change Password – User cannot request a new OTP before the 1-minute cooldown period has passed,"1. The Teller App is launched.
2. The user is on the OTP verification screen for change password.
3. The 1-minute cooldown has not yet elapsed.","1. Find and click the ""Resend code"" link.","1. The ""Request a new OTP"" is not yet displayed
2. No new OTP should be generated or sent.
3. The countdown timer should continue until the full 1-minute duration completes.",,,manually tested to avoid rate limit,Peach,9/12/26,
t1.4.12,Change Password – User can request a new OTP after the cooldown,"1. The Teller App is launched.
2. The user is on the OTP verification screen for change password.
3. The previous OTP has expired or the 1-minute cooldown has completed.","1. Click the ""Resend code"" link.
2. Check the registered email for a new OTP.
3. Enter the newly received OTP.
4. Click on CONTINUE button.","1. The user receives the new OTP via email.
2. A modal is displayed with the message:
""Password has been changed successfully.""",,,manually tested to avoid rate limit,Peach,4/23/26,
t1.4.13,Change Password – Previously received OTP is no longer valid after requesting a new OTP,"1. The Teller App is launched.
2. The user is on the OTP verification screen for change password.
","1. Click the ""Resend code"" link.
2. Attempt to enter the previously received OTP.
3. Observe system behavior.
4. Repeat with further OTP resend attempts.","1. System displays:
""OTP is either invalid or has expired, Please try again or request a new OTP.""

2. All previously sent OTPs are invalidated once a new OTP is generated.",,,,Peach,9/12/26,
t1.4.14,Change Password – Validation on the 5th failed OTP attempt (maximum allowed attempts),"1. The Teller App is launched.
2. The user is on the OTP verification screen for change password.
3. System allows a max of 5 OTP input attempts per session.","1. Enter invalid OTP 4 times.
2. On the 5th attempt, enter another invalid OTP.
3. Observe system response.
4. Click ""CONFIRM"".","1. After the 5th failed attempt, system shows:
“Verification Failed: You have reached the maximum number of attempts. For your security, we’re redirecting you to the previous page.”

2. User is redirected back to the Change Password page.",,,,Peach,9/12/26,
t1.4.15,Change Password – Validation on 5th OTP attempt across multiple resend requests,"1. The Teller App is launched.
2. The user is on the OTP verification screen for change password.
3. System allows a max of 5 OTP input attempts per session.","1. Enter 2 invalid OTPs.
2. Click the ""Request a new OTP"" link.
3. Enter 2 more invalid OTPs.
4. Click the ""Request a new OTP"" link again.
5. Enter a 5th invalid OTP.
6. Observe system response.
7. Click ""CONFIRM"".","1. After the 5th failed attempt, system shows:
“Verification Failed
You have reached the maximum number of attempts. For your security, we're redirecting you to the previous page.""

2. User is redirected back to the Change Password page.",,,,Peach,9/12/26,
t1.4.16,Change Password – Behavior when OTP session expires before reaching max attempts,"1. The Teller App is launched.
2. The user is on the OTP verification screen for chnage password.
3. The OTP session timeout is set (e.g., 5 minutes).","1. Enter invalid OTP 3 times within the active session.
2. Wait for OTP session to expire (e.g., after 5 minutes).
3. Attempt to enter another OTP (4th attempt) regardless of validity.
4. Click the ""Request a new OTP"" link.
5. Click ""CONFIRM"".","1. On 4th input after session expiry, system shows:
“OTP is either invalid or has expired. Please try again or request a new OTP.”

2. After clicking ""Resend code"" , system shows:
“Your one-time password has expired. Request a new code to continue.

3. Clicking ""Request New Code"" redirects user back to the  Change Password page.",,,manually tested since it takes 5 mins and needs the real OTP,Peach,9/12/26,
t1.4.17,Change Password - Verify that the user's email is blocked for 60 minutes after 3 unverified Change Password OTP sessions with 5 invalid attempts per session,"1.User is registered.
2. Email is not currently blocked.
","1. Initiate Change Password Session #1
 - Enter 5 incorrect OTP(s)
2. Initiate Change Password Session #2
 - Enter 5 incorrect OTP(s)
3. Initiate Change Password Session #3
 - Enter 5 incorrect OTP(s)

4. Attempt to initiate Change Password Session #4
5. Click ""CONFIRM""","1. After the 3rd unverified OTP session, if all 3 occurred within 15 minutes, the system blocks the user's email for 60 minutes.

2. After the 3rd unverified session, an error message is displayed:
""You have exceeded the maximum number of OTP attempts. You can try again in 59 mins.""

3. Any attempt in changing the password page during the block period should return an error message:

""You have exceeded the maximum number of OTP attempts. You can try again in <time remaining> minutes.""

4. Clicking ""CONFIRM"" will close the modal and user is still on the Change Password page

5. Email sent to the costomer.
Subject: Security Notice: Unusual Activity Detected on Your Account

Body:
Hi <Teller Name>,

We noticed several attempts to access your account that exceeded our security limits. To help keep your account safe, we’ve temporarily locked it as a precaution.

If these attempts were made by you, no further action is needed. You can try signing in again after the cooldown period. If you need immediate access, please contact <replace customer support email> for assistance with resetting your account.",,,,Peach,9/16/26,
t1.4.18,Change Password- Verify that the user's email is blocked for 60 minutes after 3 unverified Change Password OTP sessions (abandoned sessions),"1.User is registered.
2. Email is not currently blocked.
","1. Initiate Change Password Session #1
 - Leave the OTP input field blank
 - Cancel the OTP verification and go back to home page.

2. Initiate Change Password Session #2
 - Leave the OTP input field blank
 - Cancel the OTP verification and go back to home page.

3. Initiate Change Password Session #3
 - Leave the OTP input field blank
 - Cancel the OTP verification and go back to home page.

4. Attempt to initiate Change Password Session #4","1. After the 3rd unverified OTP session, if all 3 occurred within 15 minutes, the system blocks the user's email for 60 minutes.

2. After the 3rd unverified session, an error message is displayed:
""You have exceeded the maximum number of OTP attempts. You can try again in 59 mins.""

3. Any attempt in changing the password page during the block period should return an error message:

""You have exceeded the maximum number of OTP attempts. You can try again in <time remaining> minutes.""

4. Clicking ""CONFIRM"" will close the modal and user is still on the Change Password page

5. Email sent to the costomer.
Subject: Security Notice: Unusual Activity Detected on Your Account

Body:
Hi <Teller Name>,

We noticed several attempts to access your account that exceeded our security limits. To help keep your account safe, we’ve temporarily locked it as a precaution.

If these attempts were made by you, no further action is needed. You can try signing in again after the cooldown period. If you need immediate access, please contact <replace customer support email> for assistance with resetting your account.",,,,Peach,9/16/26,
t1.4.19,Change Password - Verify that a user receives a blocking error message when trying to reset password through Change Password process with an email address that is currently blocked.,1. The user's email has been blocked due to failed OTP attempts ,"1. During the 60-minute blocking period, attempt to reset password using the blocked email address multiple times.
2. Observe the system’s response.","1. System does not proceed with OTP generation.

2. A clear error message is displayed indicating the email is blocked:

""You have exceeded the maximum number of OTP attempts. You can try again in <time remaining> minutes.""

3. Each time the user attempts to initiate Change password while the email is still blocked, the system displays the same error message, with the remaining block time updated accordingly.",,,,Peach,9/16/26,
t1.4.20,Change Password - Verify that a user can reset password successfully through Change password  with a valid OTP after the 60-minute block period has expired.,1. The user's email was blocked and 60 minutes have passed.,"1. Wait until 60 minutes have passed since the block was applied.
2. Attempt to initiate Change Password using the same email.
3. Enter the correct OTP.","1.Change password process resumes normally.
2. OTP is sent and validated successfully.
3. Password update is successful..",,,,Peach,4/23/26,
t1.4.21,Change Password - Verify that the system does not block the user if they input a valid OTP on the 5th attempt during the 3rd Change Password OTP  session,"1. User is registered.
2. Two previous Change password sessions have already occurred, both unverified and/or expired.
5. Each session allows up to 5 OTP attempts.","1. Initiate Change password Session #3
2. Enter 4 incorrect OTPs.
3. On the 5th attempt, enter the correct OTP.
4. Observe the outcome of the session.
5. Attempt to initiate Change password Session #4.","1. Session #3 is considered verified.
2. Blocking is not triggered (since only 2 sessions were unverified in last 10 minutes).
3. Session #4 starts normally.
4. User is not blocked.",,,,Peach,9/16/26,
t1.4.22,Change Password - Verify that the system does not block the user if the 3 unverified Change Password OTP sessions span more than 15 minutes,"1.User is registered.
2. Email is not currently blocked.
3. Blocking occurs only after 3 unverified sessions within 10 minutes.","1. Start Session #1
 - Time: 00:00:00
 - Enter 2 incorrect OTPs then exit
 - Ends at: 00:05:00 min

2. Start  Session #2
 - Time: 00:05:00 min
 - Request OTP.
 - Enter 2 incorrect OTPs then exit
 - Ends at: 00:10:00 min

3. Wait for 5 mins
 - Time: 00:10:00 min
 - Ends at 00:15:00 min

4. Start Session #3
- Time: 00:16:00 min
- Enter incorrect OTPs then exit.
- Ends at: 00:20:00 mins

5. Start Session #4
 - Time: 00:20:00 or 00:21:00  min
 - Attempt to initiate Change Password session using the same email.","1. The system does not block the user.

2. The system evaluates the previous sessions:

 - Session #1: ended at 00:05

 - Session #3: started at 00:16 → more than 15 minutes since #1 ended

Therefore, the 3 unverified sessions do not fall within a 15-minute window.

3. Session #4 is allowed.

4. OTP is sent normally.

5. No blocking error is shown.",,,,Peach,4/23/26,
t2.1 View the list of Customers,,,,,,,,,,
t2.1.1,Initial Load and View of Customer List,"1. The user must be authenticated and logged into the Teller App. 
2. The user must have permission to view the list of account holders.","1. Log in to the Teller App. 
2. Select the “Customer"" module option from the side menu.
3. Verify that the following columns are present and visible: Customer ID, Customer Name, Birthdate, Created on, Last updated, Customer Status, and an ""Action"" column containing two distinct buttons/links: View Profile, and View Accounts.","1. System navigates to the Customers page.
2. Verify page title or URL corresponds to Customers.
3. The system successfully displays the Customer List View. 
4. The following columns are present and visible: Customer ID, Customer Name, Date of Birth, Created on, Last updated, Customer Status, and an ""Action"" column containing two distinct buttons/links: View Profile, and View Accounts",,https://qa-jo.github.io/teller-automation/reports/2026-09_full-regression/,,Peach,9/10/26,
t2.1.2,Pagination and Navigation,"1. The user is logged into the Teller App. 
2. The ""Customer"" module contains a list of account holders that spans multiple pages (paginated data). 3. The current view is on the first page.","1. Navigate to the ""Customer” module. 
2. Scroll to the bottom and locate the pagination controls (e.g., 1, 2, 3... Next, Back). 
3. Click the Next button. 
4. Click page number 3. 
5. Click the Back button.","1. Next Click: The system loads and displays the data from the second page. 
2. Page Number Click: The system immediately loads and displays the data from page 3. 
3. Back Click: The system loads and displays the data from page 2. 
4. Verify data integrity across pages (no duplication/missing records). 
5. The current page is clearly indicated in the UI.",,run manually,rerun was made because of locator issue,Peach,9/10/26,
t2.1.3,Search for valid Customer ID,"1. The user is logged into the Teller App and has access to the “Customers” module. 
2. A known valid Customer ID and Customer Name exist in the system.","1. Navigate to the “Customers” module. 
2. Locate the Search input field. 
3. Input valid Customer ID into the search field and click the Search icon. 
4. Click the Clear Search button/icon. 
5. Verify that the search results maintain all required columns (ID, Name, DOB, Status, etc.).","1. The list displays exactly one record
2. Search results maintain all required columns (Customer ID, Customer Name, Birthdate, Created on, Last updated, Customer Status, and an ""Action"" column containing two distinct buttons/links: View Profile, and View Accounts)",,https://qa-jo.github.io/teller-automation/reports/2026-09_full-regression/,,Peach,9/10/26,
t2.1.4,Search for valid Customer Name,"1. The user is logged into the Teller App and has access to the “Customers” module. 
2. A known valid Customer ID and Customer Name exist in the system.","1. Navigate to the “Customers” module. 
2. Locate the Search input field. 
3. Input valid Customer Name into the search field and click the Search icon. 
4. Click the Clear Search button/icon. 
5. Verify that the search results maintain all required columns (ID, Name, DOB, Status, etc.).","1. The system displays all customer records where the name matches or partially matches the name. 
2. Search results maintain all required columns (Customer ID, Customer Name, Birthdate, Created on, Last updated, Customer Status, and an ""Action"" column containing two distinct buttons/links: View Profile, and View Accounts)",,https://qa-jo.github.io/teller-automation/reports/2026-09_full-regression/,,Peach,9/10/26,
t2.1.5,Search for Non-Existing Customer,1. The user is logged into the Teller App and is on the “Customers” module page.,"1. Navigate to the “Customers” module. 
2. Locate the Search input field. 3
. Enter a non-existing value into the search field. 
4. Click the Search icon.","1. The system displays a dedicated message in the list area, such as “No Data” 
2. The customer list table is empty, with no rows displayed. 
3. Verify no application errors (e.g., HTTP 500) or crashes occur.",,https://qa-jo.github.io/teller-automation/reports/2026-09_full-regression/,,Peach,9/10/26,
t2.1.6,Filter Customer List by Status: Active,1. User is logged in and has access to the Customer module. 2. Customers with 'Active' status exist.,"1. Navigate to the Customer module. 
2. Click the Customer Status filter dropdown. 
3. Select the Active option from the list
4. Verify that no customers with other statuses are displayed in the results table","1. The customer list updates immediately to display only records where Customer Status is Active. 
2. No customers with other statuses (Inactive, Dormant, etc.) are displayed in the results table.
3. If there are no existing customers with the Active status, the system displays ""No Data"". ",,https://qa-jo.github.io/teller-automation/reports/2026-09_full-regression/,,Peach,9/10/26,
t2.1.7,Filter Customer List by Status: Inactive,"1. User is logged in and has access to the Customer module. 
2. Customers with 'Inactive' status exist.","1. Navigate to the Customer module. 
2. Click the Customer Status filter dropdown. 
3. Select the Inactive option from the list.
4. Verify that no customers with other statuses are displayed in the results table","1. The customer list updates immediately to display only records where Customer Status is Inactive. 
2. No customers with other statuses are displayed in the results table.
3. If there are no existing customers with the Inactive status, the system displays ""No Data"". ",,,retested since requirement changed and now applied,Peach,9/10/26,
t2.1.8,Filter Customer List by Status: Restricted,"1. User is logged in and has access to the Customer module. 
2. Customers with 'Restricted' status exist.","1. Navigate to the Customer module. 
2. Click the Customer Status filter dropdown. 
3. Select the Restricted option from the list.
4. Verify that no customers with other statuses are displayed in the results table","1. The customer list updates immediately to display only records where Customer Status is Restricted. 
2. No customers with other statuses are displayed in the results table.
3. If there are no existing customers with the Restricted status, the system displays ""No Data"". ",,,retested since requirement changed and now applied,Peach,9/10/26,
t2.1.9,Filter Customer List by Status: Suspended,"1. User is logged in and has access to the Customer module. 
2. Customers with 'Suspended' status exist.","1. Navigate to the Customer module. 
2. Click the Customer Status filter dropdown. 
3. Select the Suspended option from the list.
4. Verify that no customers with other statuses are displayed in the results table","1. The customer list updates immediately to display only records where Customer Status is Suspended. 
2. No customers with other statuses are displayed in the results table.
3. If there are no existing customers with the Suspended status, the system displays ""No Data"". ",,,retested since requirement changed and now applied,Peach,9/10/26,
t2.1.10,Filter Customer List by Status: Closed,"1. User is logged in and has access to the Customer module. 
2. Customers with 'Closed' status exist.","1. Navigate to the Customer module. 
2. Click the Customer Status filter dropdown. 
3. Select the Closed option from the list.
4. Verify that no customers with other statuses are displayed in the results table","1. The customer list updates immediately to display only records where Customer Status is Closed. 
2. No customers with other statuses are displayed in the results table.
3. If there are no existing customers with the Closed status, the system displays ""No Data"". ",,,retested since requirement changed and now applied,Peach,9/10/26,
t2.1.11,Filter Customer List by Status: Deceased,"1. User is logged in and has access to the Customer module. 
2. Customers with 'Deceased' status exist.","1. Navigate to the Customer module. 
2. Click the Customer Status filter dropdown. 
3. Select the Deceased option from the list.
4. Verify that no customers with other statuses are displayed in the results table","1. The customer list updates immediately to display only records where Customer Status is Deceased. 
2. No customers with other statuses are displayed in the results table.
3. If there are no existing customers with the Deceased status, the system displays ""No Data"". ",,,retested since requirement changed and now applied,Peach,9/10/26,
t2.1.12,Customer Profile View (Details Verification),1. User successfully logged into the Teller App. 2. A known customer record exists.,"1. Select Customer module. 
2. Locate an existing customer record. 
3. Click the ""View Profile"" action link/button for that customer.
","1. The system successfully displays the customer's full profile page. 
2. Verify the presence of the following four distinct section headers: Banking Details, Customer Details, Identification, Employment History and Identity Verification Details
3. Verify the presence and correctness of all fields under the Banking details section: DFSP Institution ID,Customer ID,Identity,
4. Verify the presence and correctness of all fields under the Customer Details section: Email Address, Gender, Date of Birth, Nationality, Complete Address, Mobile Number, Civil Status, Country of Birth, TIN. 
5. Verify the presence and correctness of all fields under the Identification section: ID Type, ID Number, Expiry Date. 
6. Verify the presence and correctness of all fields under the Employment History section: Employer, Employer Industry, Job Title, Monthly Income.
7. Verify the presence and correctness of all fields under the Identity Verification Details section, including the customer’s Selfie, ID (Front), and ID (Back). If ID (Back) is not available, a “No data available” message should be displayed.",,https://qa-jo.github.io/teller-automation/reports/2026-09_full-regression/,,Peach,9/10/26,
t2.2 View the list of Bank Accounts under a Customer,,,,,,,,,,
t2.2.1,Customer Accounts List View,"1. User successfully logged into the Teller App. 
2. The selected customer has at least one associated account.","1. Select the ""Customer"" module from the sidebar or menu. 
2. Locate the target customer record. 
3. Click the ""View Accounts"" action link/button for that customer.","1. The system loads and displays the list of accounts in a table or list format. 
2. Verify the presence of columns: Account No, Account Name, Balance, Account Status, Created On, Action
3. Verify the presence of an Action column containing the ""View Account Transactions"" button/link for each account row.",,https://qa-jo.github.io/teller-automation/reports/2026-09_full-regression/,,Peach,9/10/26,
t2.2.2,Account List Pagination and Navigation,"1. User is on the 'View Accounts' page for a customer. 
2. The account list spans multiple pages (paginated data).","1. Locate the pagination controls (e.g., 1, 2, 3... Next, Back). 
2. Click the Next button. 
3. Click page number 3. 
4. Click the Back button.","1. Next Click: The system loads and displays the data from the second page. 
2. Page Number Click: The system immediately loads and displays the data from page 3. 
3. Back Click: The system loads and displays the data from page 2. 
4. Verify data integrity across pages (no duplication/missing records). 
5. The current page is clearly indicated in the UI.",,https://qa-jo.github.io/teller-automation/reports/2026-09_full-regression/,,Peach,9/10/26,
t2.2.3,Search for valid Account ID,"1. The user is logged into the Teller App and has access to the “Customers” module.
2. The user has navigated to the “View Accounts” page for a selected customer.","1. Locate the Search input field. 
2. Input valid Account ID  and click the Search icon. 
3. Verify that the search results maintain all required columns (Account No,Account Name,Balance, Account Status Created on, Action.).","1. The list displays exactly one record
2. Search results maintain all required columns (Account No,Account Name,Balance, Account Status Created on, Action.)",,https://qa-jo.github.io/teller-automation/reports/2026-09_full-regression/,,Peach,9/10/26,
t2.2.4,Search for valid Account Name,"1. The user is logged into the Teller App and has access to the “Customers” module.
2. The user has navigated to the “View Accounts” page for a selected customer.","1. Locate the Search input field. 
2. Input valid Account number and click the Search icon. 
3. Verify that the search results maintain all required columns (Account No,Account Name,Balance, Account Status Created on, Action.).","1. The system displays all customer records where the name matches or partially matches the name. 
2. Search results maintain all required columns (Account No,Account Name,Balance, Account Status Created on, Action.)",,https://qa-jo.github.io/teller-automation/reports/2026-09_full-regression/,,Peach,9/10/26,
t2.2.5,Search for Non-Existing Account ,1. User is on the 'View Accounts' page for a customer.,"1. Locate the Search input field. 
2. Enter a non-existing value (e.g., NonExistentAcc) into the search field. 
3. Click the Search icon.","1. The system displays a dedicated message in the list area, such as “No Data” 
2. The account list table is empty, with no rows displayed. 
3. Verify no application errors or crashes occur.",,https://qa-jo.github.io/teller-automation/reports/2026-09_full-regression/,,Peach,9/10/26,
t2.2.6,Filter Account List by Status: Active,"1. User is on the 'View Accounts' page for a customer. 
2. Accounts with 'Active' status exist.","1. Click the Account Status filter dropdown. 
2. Select the Active option from the list.","1. The account list updates immediately to display only records where Account Status is Active. 
2. Verify that no accounts with other statuses are displayed.
3. If there are no existing accounts with the Active status, the system displays ""No Data"". ",,https://qa-jo.github.io/teller-automation/reports/2026-09_full-regression/,,Peach,9/10/26,
t2.2.7,Filter Account List by Status: Inactive,"1. User is on the 'View Accounts' page for a customer. 
2. Accounts with 'Inactive' status exist.","1. Click the Account Status filter dropdown. 
2. Select the Inactive option from the list.","1. The account list updates immediately to display only records where Account Status is Inactive. 
2. Verify that no accounts with other statuses are displayed.
3. If there are no existing accounts with the Inactive status, the system displays ""No Data"". ",,https://qa-jo.github.io/teller-automation/reports/2026-09_full-regression/,,Peach,9/10/26,
t2.2.8,Filter Account List by Status: Dormant,"1. User is on the 'View Accounts' page for a customer. 
2. Accounts with 'Dormant' status exist.","1. Click the Account Status filter dropdown. 
2. Select the Dormant option from the list.","1. The account list updates immediately to display only records where Account Status is Dormant. 
2. Verify that no accounts with other statuses are displayed.
3. If there are no existing accounts with the Dormant status, the system displays ""No Data"". ",,https://qa-jo.github.io/teller-automation/reports/2026-09_full-regression/,,Peach,9/10/26,
t2.2.9,Filter Account List by Status: Frozen,"1. User is on the 'View Accounts' page for a customer. 
2. Accounts with 'Frozen' status exist.","1. Click the Account Status filter dropdown. 
2. Select the Frozen option from the list.","1. The account list updates immediately to display only records where Account Status is Frozen. 
2. Verify that no accounts with other statuses are displayed.
3. If there are no existing accounts with the Frozen status, the system displays ""No Data"". ",,https://qa-jo.github.io/teller-automation/reports/2026-09_full-regression/,,Peach,9/10/26,
t2.2.10,Filter Account List by Status: Closed,"1. User is on the 'View Accounts' page for a customer. 
2. Accounts with 'Closed' status exist.","1. Click the Account Status filter dropdown. 
2. Select the Closed option from the list.","1. The account list updates immediately to display only records where Account Status is Closed. 
2. Verify that no accounts with other statuses are displayed.
3. If there are no existing accounts with the Closed status, the system displays ""No Data"". ",,https://pvillados-nmblr.github.io/teller-automation/reports/rural-bank-san-antonio/t2.2/log.html#s1-t13,,Peach,4/21/26,
t2.2.11,Filter Account List by Status: Overdrawn,"1. User is on the 'View Accounts' page for a customer. 
2. Accounts with 'Overdrawn' status exist.","1. Click the Account Status filter dropdown.
 2. Select the Overdrawn option from the list.","1. The account list updates immediately to display only records where Account Status is Overdrawn. 
2. Verify that no accounts with other statuses are displayed.
3. If there are no existing accounts with the Overdrawn status, the system displays ""No Data"". ",,https://qa-jo.github.io/teller-automation/reports/2026-09_full-regression/,,Peach,9/10/26,
t2.2.12,Filter Account List by Status: Blocked,"1. User is on the 'View Accounts' page for a customer. 
2. Accounts with 'Blocked' status exist.","1. Click the Account Status filter dropdown. 
2. Select the Blocked option from the list.","1. The account list updates immediately to display only records where Account Status is Blocked. 
2. Verify that no accounts with other statuses are displayed.
3. If there are no existing accounts with the Blocked status, the system displays ""No Data"". ",,https://pvillados-nmblr.github.io/teller-automation/reports/rural-bank-san-antonio/t2.2/log.html#s1-t13,,Peach,4/21/26,
t2.2.13,Filter Account List by Status: Suspended,"1. User is on the 'View Accounts' page for a customer. 
2. Accounts with 'Suspended' status exist.","1. Click the Account Status filter dropdown. 
2. Select the Suspended option from the list.","1. The account list updates immediately to display only records where Account Status is Suspended. 
2. Verify that no accounts with other statuses are displayed.
3. If there are no existing accounts with the Suspended status, the system displays ""No Data"". ",,https://qa-jo.github.io/teller-automation/reports/2026-09_full-regression/,rerun was done after rate limit was cleared,Peach,9/10/26,
t2.2.14,Navigate Back to Customers List,"1. User is on the 'View Accounts' page for a customer. 
2. Accounts with 'Active' status exist.",1. Click the 'Customers' label/link (or back button) in the navigation breadcrumbs/UI.,"1. The user is returned to the main Customer List View.
2. The Customer List view retains its previous state (e.g., last page viewed or last filter applied).",,https://qa-jo.github.io/teller-automation/reports/2026-09_full-regression/,rerun was done after rate limit was cleared,Peach,9/10/26,
t2.3 View the list of Transactions of a Bank Account under a Customer,,,,,,,,,,
t2.3.1,View Account Transaction History,"1. User successfully logged into the Teller App. 
2. The selected customer's account has existing transaction history.","1. Select the ""Customer"" module from the sidebar or menu. 
2. Click the ""View Accounts"" action link/button for that customer.
3. Locate the target account record. 
4. Click the “View Account Transactions” button/link in the Action column.","1. The system successfully navigates to the Transaction History page for the selected account. 
2. Verify the presence of the following columns in the transaction table: Transaction ID, Transaction Type, Date & Time, Debit Amount, Credit Amount, Status, Last Updated, and Action. 
3.. Verify the presence of actionable elements: an Eye icon (or similar button) to view detailed transaction information, and a Download button for exporting data.",,https://qa-jo.github.io/teller-automation/reports/2026-09_full-regression/,,,9/11/26,
t2.3.2,Pagination in Viewing Transaction History,"1. User successfully logged into the Teller App and in the Customer module.
2. The selected customer's account has existing transaction history.","1. Scroll to the bottom and locate the pagination controls. 
2. Click the Next button. 
3. Click page number 3. 
4. Click the Back button.","1. Next Click: The system loads and displays the data from the next page. 
2. Page Number Click: The system immediately loads and displays data from the selected page (page 3). 
3. Back Click: The system loads and displays data from the previous page (page 2). 
4. Verify data integrity (no duplication/missing records). 
5. The current page is clearly indicated in the UI.",,https://qa-jo.github.io/teller-automation/reports/2026-09_full-regression/,,Peach,9/11/26,
t2.3.3,View Specific Transaction Details,"1. User successfully logged into the Teller App and in the Customer module.
2. The selected customer's account has existing transaction history.","1. Locate a specific transaction row in the list. 
2. Click the Eye icon (View) in the Action column. 
3. Close the details modal/page.","1. A modal or new page opens displaying detailed information for the selected transaction. 
2. Verify the detail view includes: Transaction ID, Transaction Type, Transaction Amount, Service Fee, Remarks, Transaction Status, Debit Account Name/Number, Credit Account Name/Number, Credit Bank Code/Bank Name or Debit Bank Code/Bank Name (For Send Money only), Created on, Updated on, and Instapay Reference number if external transaction type. 
3. The details are accurate and correspond to the selected transaction. 
4. The user can close the details view and return to the history list without issue.",,https://qa-jo.github.io/teller-automation/reports/2026-09_full-regression/,,Peach,9/11/26,
t2.3.4,Search by Transaction ID,"1. User successfully logged into the Teller App and in the Customer module.
2. The selected customer's account has existing transaction history.","1. Locate the search field on the Transaction History page. 
2. Enter the valid Transaction ID. 
3. Click the Search icon/button. 
4. Click the Eye icon (View) in the Action column of the resulting row.","1. The list filters and displays exactly one matching transaction. 
2. A modal or new page opens displaying detailed information for the selected transaction. 
3. Verify the detail view includes: Transaction ID, Transaction Type, Transaction Amount, Service Fee, Remarks, Transaction Status, Debit Account Name/Number, Credit Account Name/Number, Credit Bank Code/Bank Name or Debit Bank Code/Bank Name (For Send Money only), Created on, Updated on, and Instapay Reference number if external transaction type. 
4. The transaction ID in the details matches the searched ID. 
5. The user can successfully close the detail view and return to the filtered list.",,https://qa-jo.github.io/teller-automation/reports/2026-09_full-regression/,,Peach,9/11/26,
t2.3.5,,,,,,https://qa-jo.github.io/teller-automation/reports/2026-09_full-regression/,,Peach,9/11/26,
t2.3.6,Search Transactions Using Date Range,"1. User successfully logged into the Teller App and in the Customer module.
2. The selected customer's account has existing transaction history.
3. Transactions exist across a known date range.","1. Locate the date range filter controls. 
2. Select a valid ""From"" date.
3. Select a valid ""To"" date.
4. Click the Search button. 
5. Repeat steps 2-4 with a range that yields no results.","1. Positive Search: The list updates to display only transactions occurring between the ""From"" and ""To"" dates. 
2. Verify all required columns ( Transaction ID, Transaction Type, Date & Time, Debit Amount, Credit Amount, Status, Last Updated, and Action.  ) are present in the filtered list. 
",,,"[TellerApp][Def]Date Range Filter displays ""No Data"" or partial results for existing transactions in Transaction History across Customer, Accounts, and Transactions modules- https://github.com/talino-labs/higala.project/issues/1234",Peach,9/11/26,
t2.3.7,Filter Transactions by Type: Send Money,"1. User is on the Transaction History page. 
2. Transactions of type 'Send Money' exist.","1. Click the Transaction Type filter dropdown. 
2. Select the “Send Money” type.
3. Locate a specific transaction row in the list. 
4. Click the Eye icon (View) in the Action column. ","1. The list displays transactions of type ""Send Money"" only. 
2. No transactions of other types are shown.
3. The detail view includes: Transaction ID, Transaction Type, Transaction Amount, Service Fee, Remarks, Transaction Status, Debit Account Name/Number, Credit Account Name/Number, Credit Bank Code/Bank Name or Debit Bank Code/Bank Name (For Send Money only), Created on, Updated on, and Instapay Reference number if external transaction type. 

4. If there are no existing transactions of Send Money type, the system displays ""No Data"". ",,https://qa-jo.github.io/teller-automation/reports/2026-09_full-regression/,,Peach,9/11/26,
t2.3.8,Filter Transactions by Type: Cash In,"1. User is on the Transaction History page. 
2. Transactions of type 'Cash In' exist.","1. Click the Transaction Type filter dropdown. 
2. Select the “Cash In” type.
3. Locate a specific transaction row in the list. 
4. Click the Eye icon (View) in the Action column. ","1. The list displays transactions of type ""Cash In"" only. 
2. No transactions of other types are shown.
3. The detail view includes: Transaction ID, Transaction Type, Transaction Amount, Service Fee, Remarks, Transaction Status, Debit Account Name/Number, Credit Account Name/Number, Credit Bank Code/Bank Name or Debit Bank Code/Bank Name (For Send Money only), Created on, Updated on, and Instapay Reference number if external transaction type. 

4. If there are no existing transactions of Cash In type, the system displays ""No Data"". ",,https://qa-jo.github.io/teller-automation/reports/2026-09_full-regression/,,Peach,9/11/26,
t2.3.9,Filter Transactions by Type: Fund Transfer,"1. User is on the Transaction History page.
2. Transactions of type 'Fund Transfer' exist.","1. Click the Transaction Type filter dropdown. 
2. Select the “Fund Transfer” type.
3. Locate a specific transaction row in the list. 
4. Click the Eye icon (View) in the Action column. ","1. The list displays transactions of type ""Fund Transfer"" only. 
2. No transactions of other types are shown.
3. The detail view includes: Transaction ID, Transaction Type, Transaction Amount, Service Fee, Remarks, Transaction Status, Debit Account Name/Number, Credit Account Name/Number, Credit Bank Code/Bank Name or Debit Bank Code/Bank Name (For Send Money only), Created on, Updated on, and Instapay Reference number if external transaction type. 
4. If there are no existing transactions of Fund Transfer type, the system displays ""No Data"". ",,https://qa-jo.github.io/teller-automation/reports/2026-09_full-regression/,,Peach,9/11/26,
t2.3.10,Filter Transactions by Status: Pending,"1. User is on the Transaction History page. 
2. Transactions with status 'Pending' exist.","1. Click the Transaction Status filter dropdown. 
2. Select the Pending status.
3. Locate a specific transaction row in the list. 
4. Click the Eye icon (View) in the Action column. ","1. The system displays only transactions with a status of ""Pending"". 
2. Transactions with other statuses (e.g., Success, Failed) are not shown.
3. The detail view includes: Transaction ID, Transaction Type, Transaction Amount, Service Fee, Remarks, Transaction Status, Debit Account Name/Number, Credit Account Name/Number, Credit Bank Code/Bank Name or Debit Bank Code/Bank Name (For Send Money only), Created on, Updated on, and Instapay Reference number if external transaction type. 
4. If there are no existing transactions with Pending status, the system displays ""No Data"". ",,https://qa-jo.github.io/teller-automation/reports/2026-09_full-regression/,,Peach,9/11/26,
t2.3.11,Filter Transactions by Status: Success,"1. User is on the Transaction History page. 
2. Transactions with status 'Success' exist.","1. Click the Transaction Status filter dropdown. 
2. Select the Success status.
3. Locate a specific transaction row in the list. 
4. Click the Eye icon (View) in the Action column. ","1. The system displays only transactions with a status of ""Success"". 
2. Transactions with other statuses (e.g., Pending, Failed) are not shown.
3. The detail view includes: Transaction ID, Transaction Type, Transaction Amount, Service Fee, Remarks, Transaction Status, Debit Account Name/Number, Credit Account Name/Number, Credit Bank Code/Bank Name or Debit Bank Code/Bank Name (For Send Money only), Created on, Updated on, and Instapay Reference number if external transaction type. 
4. If there are no existing transactions with Success status, the system displays ""No Data"". ",,https://qa-jo.github.io/teller-automation/reports/2026-09_full-regression/,,Peach,9/11/26,
t2.3.12,Filter Transactions by Status: Failed,"1. User is on the Transaction History page. 
2. Transactions with status 'Failed' exist.","1. Click the Transaction Status filter dropdown. 
2. Select the Failed status.
3. Locate a specific transaction row in the list. 
4. Click the Eye icon (View) in the Action column. ","1. The system displays only transactions with a status of ""Failed"". 
2. Transactions with other statuses (e.g., Pending, Success) are not shown.
3. The detail view includes:Transaction ID, Transaction Type, Transaction Amount, Service Fee, Remarks, Transaction Status, Debit Account Name/Number, Credit Account Name/Number, Credit Bank Code/Bank Name or Debit Bank Code/Bank Name (For Send Money only), Created on, Updated on, and Instapay Reference number if external transaction type. 
4. If there are no existing transactions with Failed status, the system displays ""No Data"". ",,https://qa-jo.github.io/teller-automation/reports/2026-09_full-regression/,,Peach,9/11/26,
t2.4 View Availed and Eligible Products,,,,,,,,,,
t2.4.1,View Products Availed of Existing Customer,"1. The user must be authenticated and logged into the Teller App.
2. The customer must already be onboarded within the Higala environment.
3. The user must have permission to view customer profiles.","1. Select the “Customer” module option from the side menu.
2. Search for and select an existing customer from the Customer List.
3. Click the “View Profile” action for the selected customer.
4. Click ""Products Availed"" tab.
5. Scroll down to view all products.","1. The system displays the selected customer’s profile page.
2. The system displays a table for availed products with the ff columns: Product Name, Product Category, and Action.
3. Under Action column, ""See Details"" button is displayed.",,https://qa-jo.github.io/teller-automation/reports/2026-09_full-regression/,,Peach,9/10/26,
t2.4.2,Pagination and Navigation of Products Availed,"1. The user is logged into the Teller App and viewing a customer profile. 
2. The ""Products Availed"" tab contains a list products that spans multiple pages (paginated data). 
3. The current view is on the first page.","1. Navigate to the ""Products Availed"" tab of the Customer Profile
2. Scroll to the bottom and locate the pagination controls (e.g., 1, 2, 3... Next, Back). 
3. Click the Next button. 
4. Click page number 2. 
5. Click the Back button.","1. Next Click: The system loads and displays the data from the second page. 
2. Page Number Click: The system immediately loads and displays the data from page 3. 
3. Back Click: The system loads and displays the data from page 2. 
4. Verify data integrity across pages (no duplication/missing records). 
5. The current page is clearly indicated in the UI.",,https://qa-jo.github.io/teller-automation/reports/2026-09_full-regression/,,Peach,9/10/26,
t2.4.3,See Specific Details of an Availed Savings Product,"1. The user must be authenticated and logged into the Teller App.
2. The customer must already be onboarded within the Higala environment.
3. The customer must have at least one availed product.
4. The user must have permission to view customer profiles and product details.""","1. Select the “Customer” module option from the side menu.
2. Search for and select an existing customer from the Customer List.
3. Click the “View Profile” action for the selected customer.
4. Click the “Products Availed” tab.
5. Locate a specific availed savings product from the list.
6. Under the Action column of the selected product, click the “See Details” button.""","1. The system displays a side panel containing:
Product ID

Product Details
- Product name
- Product type
- Description
- Status

Eligibility for Customer Type
- Minimum age
- Required Documents

Account Configuration
- Average daily balance
- Initial deposit required for opening
- Overdrafts
- Withdrawal limit frequency
- Withdrawal limit amount

Interest Configuration
- Interest rate (%)
- Interest type
- Interest time period
- Interest rate structure

Fees & Charges
- Excess withdrawal fee
- Dormancy fee
- Account closure fee
- State/transaction charges
- Tax rate type
- Tax rate value

Customs Fields with values inputted during product availment (If applicable)
",,https://qa-jo.github.io/teller-automation/reports/2026-09_full-regression/,,Peach,9/10/26,
t2.4.4,See Specific Details of an Availed Loans Product,"1. The user must be authenticated and logged into the Teller App.
2. The customer must already be onboarded within the Higala environment.
3. The customer must have at least one availed product.
4. The user must have permission to view customer profiles and product details.""","1. Select the “Customer” module option from the side menu.
2. Search for and select an existing customer from the Customer List.
3. Click the “View Profile” action for the selected customer.
4. Click the “Products Availed” tab.
5. Locate a specific availed loans product from the list.
6. Under the Action column of the selected product, click the “See Details” button.""","1. A side panel opens displaying the following:

Product ID

Product Definition:
- Loan type
- Preferred customers
- Loan purpose

Product Details:
- Product name
- Product type
- Description

Loan Features:
- Minimum loan amount
- Maximum loan amount
- Loan term length
- Loan term unit
- Interest rate type
- Repayment method

Eligibility Criteria:
- Minimum age
- Maximum age
- Minimum income level
- Credit score
- Employment type
- Required documents

Pricing & Fees:
- Interest rate (%)
- Interest rate structure
- Processing fee
- Processing fee type
- Penalty interest rate (%)
- Penalty conditions

Loan Details (values entered by customer/teller during availment):
- Loan amount
- Interest rate (%)
- Loan term length
- Loan term unit
- Mode of disbursement

Custom Fields with values inputted during availment (if applicable).

2. All values match the product configuration and the Loan Details entered during availment.
3. Side panel closes without errors.",,https://qa-jo.github.io/teller-automation/reports/2026-09_full-regression/,,Peach,9/10/26,
t2.4.5,View Eligible Products for Existing Customer,"1. The user must be authenticated and logged into the Teller App.
2. The customer must already be onboarded within the Higala environment.
3. The user must have permission to view customer profiles.
4. The customer must be eligible for at least one product.","1. Select the “Customer” module option from the side menu.
2. Search for and select an existing customer from the Customer List.
3. Click the “View Profile” action for the selected customer.
4. Click the “Eligible Products” tab.
5. Scroll down to view all eligible products.","1. The system displays the selected customer’s profile page.
2. The system displays a table of eligible products.
3. The table contains the following columns: Product Name, Product Category, and Action.
4. Under the Action column, the following buttons are displayed for each product:

- See Details
- Avail Product.",,https://qa-jo.github.io/teller-automation/reports/2026-09_full-regression/,,Peach,9/10/26,
t2.4.6,Search Eligible Products,"1. The user must be authenticated and logged into the Teller App.
2. The user is viewing the Eligible Products tab of a customer profile.
3. The Eligible Products list contains multiple products.","1. Navigate to the “Eligible Products” tab of the Customer Profile.
2. Locate the search bar above the eligible products table.
3. Enter a valid product name or keyword in the search bar.
4. Observe the updated product list.
5. Clear the search input.","1. The system filters the eligible products based on the entered keyword.
2. Only products matching the search criteria are displayed in the table.
3. Clearing the search input restores the full list of eligible products.
4. No irrelevant or duplicate products are displayed.",,https://qa-jo.github.io/teller-automation/reports/2026-09_full-regression/,,Peach,9/10/26,
t2.4.7,Search Archived Products in Eligible Products,"1. The user must be authenticated and logged into the Teller App.
2. The user is viewing the Eligible Products tab of a customer profile.
3. The Eligible Products list contains multiple active products.","1. Navigate to the “Eligible Products” tab of the Customer Profile.
2. Locate the search bar above the eligible products table.
3. Enter a valid product name but with archived status in the Products module.
4. Observe the updated product list.
5. Clear the search input.","1. The system filters the eligible products based on the entered keyword.
2. Only products matching the search criteria are displayed in the table.
3. Clearing the search input restores the full list of eligible products.
4. No irrelevant or duplicate products are displayed.",,https://qa-jo.github.io/teller-automation/reports/2026-09_full-regression/,,Peach,9/10/26,
t2.4.8,Pagination and Navigation of Eligible Products,"1. The user is logged into the Teller App and viewing a customer profile.
2. The Eligible Products tab contains a list of products that spans multiple pages.
3. The current view is on the first page.","1. Navigate to the “Eligible Products” tab of the Customer Profile.
2. Scroll to the bottom and locate the pagination controls (e.g., 1, 2, 3… Next, Back).
3. Click the Next button.
4. Click page number 2.
5. Click the Back button.","1. Next Click: The system loads and displays data from the second page.
2. Page Number Click: The system immediately loads and displays data from the selected page.
3. Back Click: The system loads and displays data from the previous page.
4. Data integrity is maintained across pages (no duplication or missing records).
5. The current page is clearly indicated in the UI.",,https://qa-jo.github.io/teller-automation/reports/2026-09_full-regression/,,Peach,9/10/26,
t2.4.9,See Specific Details of an Eligible Savings Product,"1. The user must be authenticated and logged into the Teller App.
2. The customer must already be onboarded within the Higala environment.
3. The customer must be eligible for at least one product.
4. The user must have permission to view product details.","1. Select the “Customer” module option from the side menu.
2. Search for and select an existing customer from the Customer List.
3. Click the “View Profile” action for the selected customer.
4. Click the “Eligible Products” tab.
5. Locate a specific eligible product from the list.
6. Under the Action column of the selected product, click the “See Details” button.""","1. A side panel opens displaying the complete Savings product configuration:

Product Details (name, type, description, status)
Eligibility for Customer Type (min age, required documents)
Account Configuration (avg daily balance, initial deposit, overdrafts, withdrawal limit frequency & amount)
Interest Configuration (rate %, type, time period, structure)
Fees & Charges (excess withdrawal, dormancy, closure fees, tax rate type & value)

2. Displayed information matches the product configuration.
3. Side panel layout and fields are consistent.
4. No errors or missing data encountered.",,https://qa-jo.github.io/teller-automation/reports/2026-09_full-regression/,,Peach,9/10/26,
t2.4.10,See Specific Details of an Eligible Loans Product,"1. The user must be authenticated and logged into the Teller App.
2. The customer must already be onboarded within the Higala environment.
3. The customer must be eligible for at least one product.
4. The user must have permission to view product details.","1. Select the “Customer” module option from the side menu.
2. Search for and select an existing customer from the Customer List.
3. Click the “View Profile” action for the selected customer.
4. Click the “Eligible Products” tab.
5. Locate a specific eligible product from the list.
6. Under the Action column of the selected product, click the “See Details” button.""","1. A side panel opens displaying the complete Loans product configuration:

Product Definition (loan type, preferred customers, loan purpose)

Product Details (name, type, description)

Loan Features (min/max loan amount, term length/unit, interest rate type, repayment method)

Eligibility Criteria (min/max age, min income, credit score, employment type, required docs)

Pricing & Fees (interest rate %, structure, processing fee & type, penalty rate & conditions)

Loan Details (displayed as read-only reference values:
- Loan amount
- Interest rate (%)
- Loan term length
- Loan term unit
- Mode of disbursement

2. Displayed information matches the product configuration.
3. Side panel layout and fields are consistent with the product configuration.
4. No errors or missing data encountered.",,https://qa-jo.github.io/teller-automation/reports/2026-09_full-regression/,,Peach,9/10/26,
t2.5 Existing customer avails a Savings product,,,,,,,,,,
t2.5.1,Avail Savings Product – Customer Information Step,"1. User is authenticated and logged in.
2. Customer is eligible for a Savings product.
3. User has permission to assign products.","1. Select Customer module.
2. Search and select the customer.
3. Click View Profile.
4. Click the Eligible Products tab.
5. Locate the Savings product.
6. Click Avail Product.","1. System validates the customer's eligibility.
2. User is navigated to the Avail Product page – Customer Information step.
3. The following are displayed:
   - Customer Details (name, account number, status, etc.)
   - Product Details
   - Custom Fields (if applicable)
4. Continue button is enabled if no required custom fields exist; otherwise disabled until all required fields are filled.",,https://qa-jo.github.io/teller-automation/reports/2026-09_full-regression/,,Peach,9/11/26,
t2.5.2,See Details of Savings Product During Availment (Customer Information Step),1. User is on the Avail Product – Customer Information step for a Savings product.,"1. Locate the Product Details section.
2. Click See Details.
3. Review the side panel contents.
4. Click Close (X).","1. Side panel displays complete and accurate Savings product details.
2. Side panel closes successfully without UI errors.
3. User remains on the Customer Information step after closing.",,https://qa-jo.github.io/teller-automation/reports/2026-09_full-regression/,,Peach,9/11/26,
t2.5.3,Fill Custom Fields for Savings Product and Continue,"1. User is on the Customer Information step.
2. Savings product has required custom fields.","1. Locate the Custom Fields section.
2. Enter valid data into all required fields.
3. Verify data is populated correctly.
4. Click Continue.","1. Valid inputs are accepted and field validations pass.
2. Continue button becomes enabled after all required fields are filled.
3. Entered values are retained and visible.
4. User proceeds to the Review Application step with an accurate summary of all inputs.",,https://qa-jo.github.io/teller-automation/reports/2026-09_full-regression/,,Peach,9/11/26,
t2.5.4,Review and Confirm Savings Product Availment,"1. User is on the Review Application step for a Savings product.
2. All required custom fields have been completed.","1. Review the summary of product details, customer details, and custom field inputs.
2. Click Confirm and Avail.","1. System processes the availment and redirects to the Success page.
2. Success message displayed: ""Product Availed: <Savings Product Name> has been availed for <Customer Name>.""
3. Correct Product Name and Description are shown.
4. Customer receives a Welcome Email notification after product availment.
5. ""Back to Customer Profile"" button is displayed and functional.",,https://qa-jo.github.io/teller-automation/reports/2026-09_full-regression/,,Peach,9/11/26,
t2.5.5,View Newly Availed Savings Product in Customer Profile,"1. User is authenticated and logged in.
2. A Savings product has just been successfully availed for the customer.","1. Click Back to Customer Profile from the Success page.
2. Click the Products Availed tab.
3. Scroll to locate the newly availed product.
4. Click See Details.","1. The newly availed Savings product appears in the Products Availed table with columns: Product Name, Product Category, and Action.
2. Clicking See Details opens a side panel displaying all product configuration details along with the customer-submitted custom field values.
3. Data is accurate and reflects what was submitted during availment.",,https://qa-jo.github.io/teller-automation/reports/2026-09_full-regression/,,Peach,9/11/26,
t2.5.6,Verify New Account Number Generated After Savings Availment,"1. User is authenticated and logged in.
2. A Savings product has been successfully availed for the customer.","1. Select the Customer module.
2. Search for the customer who just availed the product.
3. Click View Accounts in the Action column.
4. Identify the entry for the newly availed product.
5. Observe the Account Number assigned.","1. System navigates to the Customer / View Accounts page.
2. A new account record exists for the customer.
3. A unique Account Number is displayed for the new record.
4. The account status is correctly shown as ""Active"".",,https://qa-jo.github.io/teller-automation/reports/2026-09_full-regression/,,Peach,9/11/26,
t2.5.7,Modify Custom Field Inputs on Review Step and Re-Confirm (Savings),1. User is on the Review Application step for a Savings product.,"1. Click Back to return to the Customer Information step.
2. Modify one or more custom field values.
3. Click Continue to reach the Review Application step again.
4. Click Confirm and Avail.","1. Updated values are correctly reflected in the review summary.
2. System processes the availment using the updated data.
3. Product is successfully availed with the new values.",,https://qa-jo.github.io/teller-automation/reports/2026-09_full-regression/,,Peach,9/11/26,
t2.5.8,"Avail Savings Product with Custom Fields Optional, Leave It Empty and Continue","1. User is on the Customer Information step for a Savings product.
2. The product has both required and optional custom fields.","1. Fill in all required custom fields.
2. Leave one or more optional custom fields empty.
3. Click Continue.","1. System does not display any validation errors for the empty optional fields.
2. Continue button is enabled and the user proceeds successfully.
3. Empty optional custom fields are saved as ""N/A"".
4. Product availment completes successfully.",,https://qa-jo.github.io/teller-automation/reports/2026-09_full-regression/,,Peach,9/11/26,
t2.5.9,Avail Savings Product with No Custom Fields,"1. User is authenticated and logged in.
2. The selected Savings product has no required or optional custom fields.
3. User is on the Customer Information step.","1. Review the Customer Information step for the absence of custom fields.
2. Verify the Continue button is enabled by default.
3. Click Continue.
4. Review the Review Application step.
5. Click Confirm and Avail.","1. Customer Information step displays: ""No customer fields needed for this product.""
2. Continue button is enabled by default.
3. Review Application step displays: ""No fields to review here. Good to go!""
4. System processes the availment and redirects to the Success page.
5. Success page displays:
   - ""Product Availed: <Savings Product Name> has been availed for <Customer Name>.""
   - Product Name and Description.
   - ""Back to Customer Profile"" button.
6. Clicking ""Back to Customer Profile"" redirects to the customer's profile page.",,https://qa-jo.github.io/teller-automation/reports/2026-09_full-regression/,,Peach,9/11/26,
t2.5.10,Avail Multiple Different Savings Products Sequentially,"1. User is authenticated and logged in.
2. Customer is eligible for multiple Savings products.","1. Avail the first Savings product successfully.
2. Return to the Eligible Products tab.
3. Avail a second, different Savings product.","1. Each product availment is processed successfully.
2. Both products appear correctly in the customer's Products Availed tab.
3. No data overlap or errors occur between the two records.",,https://qa-jo.github.io/teller-automation/reports/2026-09_full-regression/,,Peach,9/11/26,
t2.5.11,Avail Recently Updated Savings Product – Uses Latest Version,"1. Teller is logged in.
2. A Savings product has been recently updated.
3. Customer is eligible for the updated product.","1. Navigate to the Customer module.
2. Search and select the customer.
3. Click View Profile → Eligible Products tab.
4. Locate the recently updated Savings product.
5. Click Avail Product and complete the flow.","1. The recently updated product is visible and reflects the latest configuration (Product ID last 3 digits incremented).
2. All steps (Customer Information and Review Application) use the latest product configuration.
3. Customer successfully avails the updated version.
4. A success confirmation is displayed.
5. The availed product in the customer profile reflects the updated details.",,https://qa-jo.github.io/teller-automation/reports/2026-09_full-regression/,,Peach,9/11/26,
t2.5.12,Re-Avail Edited Savings Product – Multiple Versions on Same Customer,"1. Customer is already availing a Savings product.
2. The same product has been updated, creating a new version.
3. Customer is eligible to avail the updated version again.","1. Navigate to Customer module → search and select the customer.
2. Click View Profile → Eligible Products tab.
3. Locate the updated version of the same product.
4. Click Avail Product and complete the flow.","1. System validates the customer's eligibility.
2. Customer successfully avails the updated product version.
3. Customer now has two instances of the same product.
4. Each instance reflects its respective version details accurately.",,https://qa-jo.github.io/teller-automation/reports/2026-09_full-regression/,,Peach,9/11/26,
t2.5.13,Avail Savings Product with Only Optional Custom Fields,"1. User is authenticated and logged in.
2. The selected Savings product has only optional custom fields (no required custom fields).","1. Leave all optional custom fields empty.
2. Click Continue.
3. Confirm availment.","1. System allows progression without requiring any custom field input.
2. Continue button is enabled by default since no required fields exist.
3. Product availment completes successfully.
4. No validation errors are displayed for empty optional fields.",,https://qa-jo.github.io/teller-automation/reports/2026-09_full-regression/,,Peach,9/11/26,
t2.5.14,Avail the Same Savings Product Multiple Times,"1. User is authenticated and logged in.
2. Business rules allow multiple availments of the same Savings product.","1. Avail the Savings product once and complete the flow.
2. Return to the Eligible Products tab.
3. Repeat the availment process for the same Savings product.","1. Each availment is recorded as a separate instance.
2. Both records appear correctly under the customer's Products Availed tab.
3. Each instance shows its own Product Name, Product Category, and Action.
4. Product details are accurate for each individual instance.
5. No data overlap or errors occur between the two records.",,https://qa-jo.github.io/teller-automation/reports/2026-09_full-regression/,,Peach,9/11/26,
t2.5.15,Attempt to Avail Savings Product for Customer with Invalid Status,"1. User is authenticated and logged in.
2. The customer account is inactive or closed.
3. User has permission to assign products.","1. Navigate to the Customer module.
2. Search and select an inactive or closed customer.
3. Click View Profile → Eligible Products tab.
4. Attempt to click the Avail Product button.","1. Upon clicking Avail Product, the system performs an instant status check.
2. The availment process is blocked and the user remains on the Eligible Products tab.
3. Error message displayed: ""The customer is in an invalid state and cannot proceed. Please verify the customer's status and try again.""
4. The Customer Information step is NOT loaded. No transaction is started.",,https://qa-jo.github.io/teller-automation/reports/2026-09_full-regression/,,Peach,9/11/26,
t2.5.16,Leave Required Custom Fields Empty – Savings Availment,"1. User is on the Customer Information step.
2. The selected Savings product has required custom fields.","1. Leave one or more required custom fields empty.
2. Attempt to click the Continue button.","1. System prevents navigation to the next step.
2. Validation error displayed for each empty required field: ""<field name> is required.""
3. Continue button remains disabled.",,https://qa-jo.github.io/teller-automation/reports/2026-09_full-regression/,,Peach,9/11/26,
t2.5.17,Enter Invalid Data Format in Custom Fields – Savings Availment,"1. User is on the Customer Information step.
2. The Savings product has custom fields with format constraints.","1. Enter alphabetic characters into a numeric custom field.
2. Attempt to proceed.","1. System prohibits the invalid input from being entered into the numeric field.
2. OR a validation error is displayed: ""Only numeric values are allowed.""
3. User cannot proceed until the input is corrected.",,https://qa-jo.github.io/teller-automation/reports/2026-09_full-regression/,rerun was made since it was skipped,Peach,9/11/26,
t2.5.18,Exit Savings Availment Flow Mid-Process – Confirm Discard,1. User is on the Customer Information step or Review Application step of the Savings availment flow.,"1. Click the Back button or navigate away from the Avail Product page.
2. Observe the confirmation prompt.
3. Click Confirm on the prompt.
4. Return to the Eligible Products tab.
5. Click Avail Product for the same product again.","1. System displays a confirmation prompt: ""Are you sure you want to leave this page? All data will be lost and will not be saved.""
2. After confirming, the system exits the flow without processing the availment.
3. No partial records are created in the customer's Products Availed list.
4. Upon restarting, the flow resets and the user starts from the Customer Information step with a clean form.",,https://qa-jo.github.io/teller-automation/reports/2026-09_full-regression/,,Peach,9/11/26,
t2.5.19,Session Timeout During Savings Availment Flow,"1. User is logged in and on any step of the Savings product availment flow.
2. User remains inactive beyond the session timeout (5 minutes).","1. Leave the Avail Product page idle for 5 minutes and 1 second.
2. Attempt to continue the availment process.","1. Session is automatically terminated.
2. User is redirected to the Login page.
3. Modal displayed: ""Session Expired. For security reasons, you need to sign in again to continue using the app.""
4. Unsaved availment data is lost.",,,manual,Peach,4/21/26,
t2.5.20,Use Browser Back Button During Savings Availment Flow,1. User is on the Review Application step after completing the Customer Information step.,1. Click the browser's Back button.,"1. System handles the state transition gracefully.
2. The application either maintains the session data or properly re-validates the step.
3. UI reflects the most recent valid state or prompts the user if a page refresh is required to sync data.
4. No data corruption or duplicate submission occurs.",,https://qa-jo.github.io/teller-automation/reports/2026-09_full-regression/,,Peach,9/11/26,
t3.1 View the list of Accounts,,,,,,,,,,
t3.1.1,Initial Load and View of All Accounts List,"1. The user must be authenticated and logged into the Teller App. 
2. The user must have permission to view the list of all bank accounts.","1. Log in to the Teller App with valid credentials. 
2. Navigate to the main dashboard. 
3. Click the “Accounts” module option from the side menu.","1. System navigates to the Accounts page.
2. Verify page title or URL corresponds to Accounts.
3. The system successfully displays the master Accounts List View. 
4. Verify that the following columns are present and visible: Account No, Account Name, Balance, Account Status, Created on, and an ""Action"" column containing one distinct button/link: View Transactions.",,https://qa-jo.github.io/teller-automation/reports/2026-09_full-regression/,,Peach,9/10/26,
t3.1.2,Pagination and Navigation on Accounts List,"1. The user is logged into the Teller App. 
2. The ""Accounts"" module contains a list of accounts that spans multiple pages (paginated data). 
3. The current view is on the first page.","1. Navigate to the “Accounts” module. 
2. Scroll to the bottom and locate the pagination controls (e.g., 1, 2, 3... Next, Back). 
3. Click the Next button. 
4. Click page number 3. 
5. Click the Back button.","1. Next Click: The system loads and displays the data from the second page. The current page indicator highlights page 2. 
2. Page Number Click: The system immediately loads and displays the data from page 
3. The current page indicator highlights page 3. 
3. Back Click: The system loads and displays the data from page 2. 
4. Verify data integrity across pages (no duplication/missing records).",,https://qa-jo.github.io/teller-automation/reports/2026-09_full-regression/,,Peach,9/10/26,
t3.1.3,Search for Account by Number (Valid),"1. The user is logged into the Teller App and has access to the “Accounts” module. 
2. A known valid Account Number exists in the system.","1. Navigate to the “Accounts” module. 
2. Locate the Search input field. 
3. Input valid Account Number into the search field and click the Search icon.
4. Click the Clear Search button/icon.","1. Number Search: The list displays exactly one record. 
2. Clear Search: The list reverts to the default, unfiltered view. 
3. Verify that the search results maintain all required columns (Account No, Account Name, Balance, Account Status, Created on, and an ""Action"" column containing one distinct button/link: View Transactions..).",,https://qa-jo.github.io/teller-automation/reports/2026-09_full-regression/,rerun because of variable issue,Peach,9/10/26,
t3.1.4,Search for Account by Name (Valid),"1. The user is logged into the Teller App and has access to the “Accounts” module. 
2. A known valid Account Name (Savings Plus) exists in the system.","1. Navigate to the “Accounts” module. 
2. Locate the Search input field. 
3. Input valid Account Name (Savings Plus) into the search field and click the Search icon. 
4. Click the Clear Search button/icon.","1. Name Search (Step 3): The system displays all account records that match or partially match Savings Plus. 
2. Clear Search (Step 4): The list reverts to the default, unfiltered view.
 3. Verify that the search results maintain all required columns (Account No, Account Name, Balance, Account Status, Created on, and an ""Action"" column containing one distinct button/link: View Transactions.)",,https://qa-jo.github.io/teller-automation/reports/2026-09_full-regression/,,Peach,9/10/26,
t3.1.5,Search for Non-Existing Account ,1. The user is logged into the Teller App and is on the “Accounts” module page.,"1. Navigate to the “Accounts” module. 
2. Locate the Search input field. 
3. Enter a non-existing value (e.g., NONEXISTENTACC) into the search field. 
4. Click the Search icon.","1. The system displays a dedicated message in the list area, such as “No Data."" 
2. The account list table is empty, with no rows displayed. 
3. Verify no application errors or crashes occur.",,https://qa-jo.github.io/teller-automation/reports/2026-09_full-regression/,,Peach,9/10/26,
t3.1.6,Filter Accounts List by Status: Active,"1. User is logged into the Teller App and has access to the “Accounts” module. 
2. Accounts with 'Active' status exist.","1. Navigate to the “Accounts” module. 
2. Click the Account Status filter dropdown. 
3. Select the Active option from the list.","1. The account list updates immediately to display only records where Account Status is Active. 
2. Verify that no accounts with other statuses are displayed.
3. If there are no existing accounts with the Active status, the system displays ""No Data"". ",,https://qa-jo.github.io/teller-automation/reports/2026-09_full-regression/,,Peach,9/10/26,
t3.1.7,Filter Accounts List by Status: Inactive,"1. User is logged into the Teller App and has access to the “Accounts” module. 
2. Accounts with 'Inactive' status exist.","1. Navigate to the “Accounts” module. 
2. Click the Account Status filter dropdown. 
3. Select the Inactive option from the list.","1. The account list updates immediately to display only records where Account Status is Inactive. 
2. Verify that no accounts with other statuses are displayed.
3. If there are no existing accounts with the Inactive status, the system displays ""No Data"". ",,https://qa-jo.github.io/teller-automation/reports/2026-09_full-regression/,,Peach,9/10/26,
t3.1.8,Filter Accounts List by Status: Dormant,"1. User is logged into the Teller App and has access to the “Accounts” module. 
2. Accounts with 'Dormant' status exist.","1. Navigate to the “Accounts” module. 
2. Click the Account Status filter dropdown. 
3. Select the Dormant option from the list.","1. The account list updates immediately to display only records where Account Status is Dormant. 
2. Verify that no accounts with other statuses are displayed.
3. If there are no existing accounts with the Dormant status, the system displays ""No Data"". ",,https://qa-jo.github.io/teller-automation/reports/2026-09_full-regression/,,Peach,9/10/26,
t3.1.9,Filter Accounts List by Status: Frozen,"1. User is logged into the Teller App and has access to the “Accounts” module. 
2. Accounts with 'Frozen' status exist.","1. Navigate to the “Accounts” module. 
2. Click the Account Status filter dropdown. 
3. Select the Frozen option from the list.","1. The account list updates immediately to display only records where Account Status is Frozen. 
2. Verify that no accounts with other statuses are displayed.
3. If there are no existing accounts with the Frozen status, the system displays ""No Data"". ",,https://qa-jo.github.io/teller-automation/reports/2026-09_full-regression/,,Peach,9/10/26,
t3.1.10,Filter Accounts List by Status: Closed,"1. User is logged into the Teller App and has access to the “Accounts” module. 
2. Accounts with 'Closed' status exist.","1. Navigate to the “Accounts” module. 
2. Click the Account Status filter dropdown. 
3. Select the Closed option from the list.","1. The account list updates immediately to display only records where Account Status is Closed. 
2. Verify that no accounts with other statuses are displayed.
3. If there are no existing accounts with the Closed status, the system displays ""No Data"". ",,https://qa-jo.github.io/teller-automation/reports/2026-09_full-regression/,,Peach,9/10/26,
t3.1.11,Filter Accounts List by Status: Overdrawn,"1. User is logged into the Teller App and has access to the “Accounts” module. 
2. Accounts with 'Overdrawn' status exist.","1. Navigate to the “Accounts” module. 
2. Click the Account Status filter dropdown. 
3. Select the Overdrawn option from the list.","1. The account list updates immediately to display only records where Account Status is Overdrawn. 
2. Verify that no accounts with other statuses are displayed.
3. If there are no existing accounts with the Overdrawn status, the system displays ""No Data"". ",,https://qa-jo.github.io/teller-automation/reports/2026-09_full-regression/,,Peach,9/10/26,
t3.1.12,Filter Accounts List by Status: Blocked,"1. User is logged into the Teller App and has access to the “Accounts” module. 
2. Accounts with 'Blocked' status exist.","1. Navigate to the “Accounts” module. 
2. Click the Account Status filter dropdown. 
3. Select the Blocked option from the list.","1. The account list updates immediately to display only records where Account Status is Active. 
2. Verify that no accounts with other statuses are displayed.
3. If there are no existing accounts with the Active status, the system displays ""No Data"". ",,https://pvillados-nmblr.github.io/teller-automation/reports/rural-bank-san-antonio/t3.1/report.html,,Peach,4/21/26,
t3.1.13,Filter Accounts List by Status: Suspended,"1. User is logged into the Teller App and has access to the “Accounts” module. 
2. Accounts with 'Suspended' status exist.","1. Navigate to the “Accounts” module. 
2. Click the Account Status filter dropdown. 
3. Select the Suspended option from the list.","1. The account list updates immediately to display only records where Account Status is Active. 
2. Verify that no accounts with other statuses are displayed.
3. If there are no existing accounts with the Active status, the system displays ""No Data"". ",,https://pvillados-nmblr.github.io/teller-automation/reports/rural-bank-san-antonio/t3.1/report.html,,Peach,4/21/26,
t3.2 View the list of Transactions of a Bank Account,,,,,,,,,,
t3.2.1,View Account Transaction History (Entry Point),"1. User is logged into the Teller App and has access to the “Accounts” module. 
2. The selected account has existing transaction history.","1. Navigate to the “Accounts” module. 
2. Locate the target account record. 
3. Click the “View Transactions” button/link in the Action column for that account.","1. The system successfully navigates to the Transaction History page for the selected account. 
2. Verify the presence of the following columns in the transaction table: Transaction ID, Transaction Type, Date & Time, Debit Amount, Credit Amount, Status, Last Updated, and Action. 
3. Verify the presence of actionable elements: an Eye icon (or similar button) to view detailed transaction information, and a Download button for exporting data.",,https://qa-jo.github.io/teller-automation/reports/2026-09_full-regression/,,Peach,9/11/26,
t3.2.2,Pagination in Viewing Transaction History,"1. User is on the Transaction History page of an account. 
2. There are enough transaction records to span multiple pages.","1. Scroll to the bottom and locate the pagination controls. 
2. Click the Next button. 
3. Click page number 3. 
4. Click the Back button.","1. Next Click: The system loads and displays the data from the next page. 
2. Page Number Click: The system immediately loads and displays data from the selected page (page 3). 
3. Back Click: The system loads and displays data from the previous page (page 2). 
4. Verify data integrity (no duplication/missing records). 
5. The current page is clearly indicated in the UI.",,https://qa-jo.github.io/teller-automation/reports/2026-09_full-regression/,,Peach,9/11/26,
t3.2.3,View Specific Transaction Details (via Accounts),"1. User is on the Transaction History page of an account. 
2. The transaction list contains records.","1. Locate a specific transaction row in the list. 
2. Click the Eye icon (View) in the Action column. 
3. Close the details modal/page.","1. A modal or new page opens displaying detailed information for the selected transaction. 
2. Verify the detail view includes: Transaction ID, Transaction Type, Transaction Amount, Service Fee, Remarks, Transaction Status, Debit Account Name/Number, Credit Account Name/Number, Credit Bank Code/Bank Name or Debit Bank Code/Bank Name (For Send Money only), Created on, Updated on, and Instapay Reference number if external transaction type. 
3. The details are accurate and correspond to the selected transaction. 
4. The user can close the details view and return to the history list without issue.",,https://qa-jo.github.io/teller-automation/reports/2026-09_full-regression/,,Peach,9/11/26,
t3.2.4,Search Transaction by ID and View Details (via Accounts),"1. User is on the Transaction History page of an account. 
2. A known valid Transaction ID exists.","1. Locate the search field on the Transaction History page. 
2. Enter the valid Transaction ID. 
3. Click the Search icon/button. 
4. Click the Eye icon (View) in the Action column of the resulting row.","1. The list filters and displays exactly one matching transaction. 
2. A modal or new page opens displaying detailed information 
3. The transaction ID in the details matches the searched ID. 
4. The user can successfully close the detail view and return to the filtered list.",,https://qa-jo.github.io/teller-automation/reports/2026-09_full-regression/,,Peach,9/11/26,
t3.2.5,Search Transactions Using Date Range (via Accounts),"1. User is on the Transaction History page of an account. 
2. Transactions exist across a known date range.","1. Locate the date range filter controls. 
2. Select a valid ""From"" date (e.g., July 1, 2025). 
3. Select a valid ""To"" date (e.g., July 31, 2025). 
4. Click the Search button. 
5. Repeat steps 2-4 with a range that yields no results.","1. Positive Search: The list updates to display only transactions occurring between the ""From"" and ""To"" dates. 
2. Verify all required columns (Transaction ID, Transaction Type, Transaction Date & Time, Debit amount, Credit amount, Status, Last Updated, Action. ) are present in the filtered list. 
3. Negative Search: The system displays a ""No data"" message or similar indication, and the list is empty.",,,"[TellerApp][Def]Date Range Filter displays ""No Data"" or partial results for existing transactions in Transaction History across Customer, Accounts, and Transactions modules- https://github.com/talino-labs/higala.project/issues/1234",Peach,9/11/26,
t3.2.6,Filter Transactions by Type: Send Money (via Accounts),"1. User is on the Transaction History page of an account. 
2. Transactions of type 'Send Money' exist.","1. Click the Transaction Type filter dropdown. 
2. Select the “Send Money” type. 
3. Locate a specific transaction row in the list. 
4. Click the Eye icon (View) in the Action column.","1. The list displays transactions of type ""Send Money"" only. 
2. No transactions of other types are shown. 
3. The detail view includes: Transaction ID, Transaction Type, Transaction Amount, Service Fee, Remarks, Transaction Status, Debit Account Name/Number, Credit Account Name/Number, Credit Bank Code/Bank Name or Debit Bank Code/Bank Name (For Send Money only), Created on, Updated on, and Instapay Reference number if external transaction type. 
4. If there are no existing transactions of Send Money type, the system displays ""No Data"".",,https://qa-jo.github.io/teller-automation/reports/2026-09_full-regression/,,Peach,9/11/26,
t3.2.7,Filter Transactions by Type: Receive Money (via Accounts),"1. User is on the Transaction History page of an account. 
2. Transactions of type 'Receive Money' exist.","1. Click the Transaction Type filter dropdown. 
2. Select the “Receive Money” type. 
3. Locate a specific transaction row in the list. 
4. Click the Eye icon (View) in the Action column.","1. The list displays transactions of type ""Receive Money"" only. 
2. No transactions of other types are shown. 
3. The detail view includes: Transaction ID, Transaction Type, Transaction Amount, Service Fee, Remarks, Transaction Status, Debit Account Name/Number, Credit Account Name/Number, Credit Bank Code/Bank Name or Debit Bank Code/Bank Name (For Send Money only), Created on, Updated on, and Instapay Reference number if external transaction type. 
4. If there are no existing transactions of Cash In type, the system displays ""No Data"".",,"Expectation changed and finalized

Before: Cash In Now: Receive Money","ticket: [TellerApp][Def]Incomplete and Inconsistent Transaction Type values across Filter, Column, and Detail views in Customers and Accounts module
https://github.com/talino-labs/higala.project/issues/1222",Peach,9/11/26,
t3.2.8,Filter Transactions by Type: Fund Transfer (via Accounts),"1. User is on the Transaction History page 
2. Transactions of type 'Fund Transfer' exist.","1. Click the Transaction Type filter dropdown. 
2. Select the “Fund Transfer” type. 
3. Locate a specific transaction row in the list. 
4. Click the Eye icon (View) in the Action column.","1. The list displays transactions of type ""Fund Transfer"" only. 
2. No transactions of other types are shown. 
3. The detail view includes: Transaction ID, Transaction Type, Transaction Amount, Service Fee, Remarks, Transaction Status, Debit Account Name/Number, Credit Account Name/Number, Credit Bank Code/Bank Name or Debit Bank Code/Bank Name (For Send Money only), Created on, Updated on, and Instapay Reference number if external transaction type. 
4. If there are no existing transactions of Fund Transfer type, the system displays ""No Data"".",,https://qa-jo.github.io/teller-automation/reports/2026-09_full-regression/,,Peach,9/11/26,
t3.2.9,Filter Transactions by Status: Pending (via Accounts),"1. User is on the Transaction History page of an account. 
2. Transactions with status 'Pending' exist.","1. Click the Transaction Status filter dropdown. 
2. Select the Pending status. 
3. Locate a specific transaction row in the list. 
4. Click the Eye icon (View) in the Action column.","1. The system displays only transactions with a status of ""Pending"". 
2. Transactions with other statuses (e.g., Success, Failed) are not shown. 
3. The detail view includes: Transaction ID, Transaction Type, Transaction Amount, Service Fee, Remarks, Transaction Status, Debit Account Name/Number, Credit Account Name/Number, Credit Bank Code/Bank Name or Debit Bank Code/Bank Name (For Send Money only), Created on, Updated on, and Instapay Reference number if external transaction type. 
4. If there are no existing transactions with Pending status, the system displays ""No Data"".",,https://qa-jo.github.io/teller-automation/reports/2026-09_full-regression/,,Peach,9/11/26,
t3.2.10,Filter Transactions by Status: Success (via Accounts),"1. User is on the Transaction History page of an account. 
2. Transactions with status 'Success' exist.","1. Click the Transaction Status filter dropdown. 
2. Select the Success status. 
3. Locate a specific transaction row in the list. 
4. Click the Eye icon (View) in the Action column.","1. The system displays only transactions with a status of ""Success"". 
2. Transactions with other statuses (e.g., Pending, Failed) are not shown. 
3. The detail view includes: Transaction ID, Transaction Type, Transaction Amount, Service Fee, Remarks, Transaction Status, Debit Account Name/Number, Credit Account Name/Number, Credit Bank Code/Bank Name or Debit Bank Code/Bank Name (For Send Money only), Created on, Updated on, and Instapay Reference number if external transaction type. 
4. If there are no existing transactions with Success status, the system displays ""No Data"".",,https://qa-jo.github.io/teller-automation/reports/2026-09_full-regression/,,Peach,9/11/26,
t3.2.11,Filter Transactions by Status: Failed (via Accounts),"1. User is on the Transaction History page of an account. 
2. Transactions with status 'Failed' exist.","1. Click the Transaction Status filter dropdown. 
2. Select the Failed status. 
3. Locate a specific transaction row in the list. 
4. Click the Eye icon (View) in the Action column.","1. The system displays only transactions with a status of ""Failed"". 
2. Transactions with other statuses (e.g., Pending, Success) are not shown. 
3. The detail view includes: Transaction ID, Transaction Type, Transaction Amount, Service Fee, Remarks, Transaction Status, Debit Account Name/Number, Credit Account Name/Number, Credit Bank Code/Bank Name or Debit Bank Code/Bank Name (For Send Money only), Created on, Updated on, and Instapay Reference number if external transaction type. 
4. If there are no existing transactions with Failed status, the system displays ""No Data"".",,https://qa-jo.github.io/teller-automation/reports/2026-09_full-regression/,,Peach,9/11/26,
t3.2.12,Navigate Back to Accounts List (from View Transactions),"1. User is on the Transaction History page of an account. 
",1. Click the 'Accounts' label/link (or back button) in the navigation breadcrumbs/UI.,"1. The user is returned to the main Accounts List View 
2. The Accounts List view retains its previous state (e.g., last page viewed or last filter applied).",,https://qa-jo.github.io/teller-automation/reports/2026-09_full-regression/,,Peach,9/11/26,
t3.2.13,Filter Transactions by Type: Cash Withdrawal (via Accounts),"1. User is on the Transaction History page 
2. Transactions of type 'Cash Withdrawal'' exist.","1. Click the Transaction Type filter dropdown. 
2. Select the “Cash Withdrawal” type. 
3. Locate a specific transaction row in the list. 
4. Click the Eye icon (View) in the Action column.","1. The list displays transactions of type ""Cash Withdrawal"" only. 
2. No transactions of other types are shown. 
3. The detail view includes: Transaction ID, Transaction Type, Transaction Amount, Service Fee, Remarks, Transaction Status, Debit Account Name/Number, Credit Account Name/Number, Credit Bank Code/Bank Name or Debit Bank Code/Bank Name (For Send Money only), Created on, Updated on, and Instapay Reference number if external transaction type. 
4. If there are no existing transactions of Fund Transfer type, the system displays ""No Data"".",,Cash Withdrawal type not in filter,"ticket: [TellerApp][Def]Incomplete and Inconsistent Transaction Type values across Filter, Column, and Detail views in Customers and Accounts module
https://github.com/talino-labs/higala.project/issues/1222",Peach,9/11/26,
t3.2.14,Filter Transactions by Type: Cash Deposit (via Accounts),"1. User is on the Transaction History page 
2. Transactions of type 'Cash Deposit'' exist.","1. Click the Transaction Type filter dropdown. 
2. Select the “Cash Deposit” type. 
3. Locate a specific transaction row in the list. 
4. Click the Eye icon (View) in the Action column.","1. The list displays transactions of type ""Cash Deposit"" only. 
2. No transactions of other types are shown. 
3. The detail view includes: Transaction ID, Transaction Type, Transaction Amount, Service Fee, Remarks, Transaction Status, Debit Account Name/Number, Credit Account Name/Number, Credit Bank Code/Bank Name or Debit Bank Code/Bank Name (For Send Money only), Created on, Updated on, and Instapay Reference number if external transaction type. 
4. If there are no existing transactions of Fund Transfer type, the system displays ""No Data"".",,Cash Withdrawal type not in filter,"ticket: [TellerApp][Def]Incomplete and Inconsistent Transaction Type values across Filter, Column, and Detail views in Customers and Accounts module
https://github.com/talino-labs/higala.project/issues/1222",Peach,9/11/26,
t3.2.15,Filter Transactions by Type: Savings Interest (via Accounts),"1. User is on the Transaction History page 
2. Transactions of type 'Savings Interest'' exist.","1. Click the Transaction Type filter dropdown. 
2. Select the “Savings Interest” type. 
3. Locate a specific transaction row in the list. 
4. Click the Eye icon (View) in the Action column.","1. The list displays transactions of type ""Savings Interest"" only. 
2. No transactions of other types are shown. 
3. The detail view includes: Transaction ID, Transaction Type, Transaction Amount, Service Fee, Remarks, Transaction Status, Debit Account Name/Number, Credit Account Name/Number, Credit Bank Code/Bank Name or Debit Bank Code/Bank Name (For Send Money only), Created on, Updated on, and Instapay Reference number if external transaction type. 
4. If there are no existing transactions of Fund Transfer type, the system displays ""No Data"".",,Savings Interest type not in filter,"[TellerApp][Def]Incomplete and Inconsistent Transaction Type values across Filter, Column, and Detail views in Customers and Accounts module
https://github.com/talino-labs/higala.project/issues/1222",Peach,9/11/26,
t3.2.16,Filter Transactions by Type: Loan Disbursement (via Accounts),"1. User is on the Transaction History page 
2. Transactions of type 'Loan Disbursement' exist.","1. Click the Transaction Type filter dropdown. 
2. Select the “Loan Disbursement” type. 
3. Locate a specific transaction row in the list. 
4. Click the Eye icon (View) in the Action column.","1. The list displays transactions of type ""Loan Disbursement"" only. 
2. No transactions of other types are shown. 
3. The detail view includes: Transaction ID, Transaction Type, Transaction Amount, Service Fee, Remarks, Transaction Status, Debit Account Name/Number, Credit Account Name/Number, Credit Bank Code/Bank Name or Debit Bank Code/Bank Name (For Send Money only), Created on, Updated on, and Instapay Reference number if external transaction type. 
4. If there are no existing transactions of Fund Transfer type, the system displays ""No Data"".",,Loan disbursement type not in filter,"[TellerApp][Def]Incomplete and Inconsistent Transaction Type values across Filter, Column, and Detail views in Customers and Accounts module
https://github.com/talino-labs/higala.project/issues/1222",Peach,9/11/26,
t3.2.17,Filter Transactions by Type: Loan Payment (via Accounts),"1. User is on the Transaction History page 
2. Transactions of type 'Loan Payment'' exist.","1. Click the Transaction Type filter dropdown. 
2. Select the “Loan Payment” type. 
3. Locate a specific transaction row in the list. 
4. Click the Eye icon (View) in the Action column.","1. The list displays transactions of type ""Loan Payment"" only. 
2. No transactions of other types are shown. 
3. The detail view includes: Transaction ID, Transaction Type, Transaction Amount, Service Fee, Remarks, Transaction Status, Debit Account Name/Number, Credit Account Name/Number, Credit Bank Code/Bank Name or Debit Bank Code/Bank Name (For Send Money only), Created on, Updated on, and Instapay Reference number if external transaction type. 
4. If there are no existing transactions of Fund Transfer type, the system displays ""No Data"".",,,,Peach,9/11/26,
t3.3 Create New Bank Account,,,,,,,,,,
t3.3.1,Start Flow and T&C Acceptance,1. Teller is logged in and has permissions to create accounts.,"1. Click the “Accounts” module. 
2. Click “Create New Bank Account”. 
3. Check the TNC checkbox. 
4. Check the Data Privacy checkbox. 
5. Click the Continue button.","1. The account creation page successfully opens. 
2. The Continue button is initially disabled. 
3. After checking TNC and Data Privacy, the Continue button becomes enabled. 
4. Clicking Continue navigates successfully to Page 1 (Personal Information).",,,,Peach,4/23/26,
t3.3.2,Page 1: Personal Info - Happy Path,1. User is on Page 1 (Personal Information).,"1. Enter valid First Name , Middle Name, and Last Name
2. Select Gender. 
3. Select valid Date of Birth 
4. Enter valid Email and Mobile Number. 
5. Select Nationality  
6. Select Place of Birth  
7. Select Civil Status 
8. Enter Mother's Maiden Name. Check ""No middle name"" if applicable. 
9. Click Continue.","1. All fields accept and retain the valid input. 
2. All field-level validations (e.g., email format, mobile length) pass without error. 
3. Clicking Continue successfully navigates to Page 2 (Address).",,,,Peach,4/23/26,
t3.3.3,Page 2: Address - Current Address Entry,1. User is on Page 2 (Address).,"1. Select valid Region, Province, City, and Barangay drop-down options. 
2. Enter valid Street/Block No. and Zip Code 
3. Click Continue.","1. All address fields successfully accept and retain the data. 
2. The system validates the geographical hierarchy.
 3. Clicking Continue successfully navigates to Page 3 (Financial Info).",,,,Peach,4/23/26,
t3.3.4,Page 2: Address - Different Permanent Address Logic,"1. User is on Page 2 (Address), having successfully completed Current Address","1. Check the “I have a different Permanent Adddress checkbox. 
2. Enter a completely different set of data for the new Permanent Address fields
3. Click Continue.","1. Checking the box reveals the separate Permanent Address fields. 
2. The fields accept unique, valid address data. 
3. Clicking Continue successfully navigates to Page 3 (Financial Info).",,,,Peach,4/23/26,
t3.3.5,Page 3: Financial Info - Happy Path,1. User is on Page 3 (Financial Info).,"1. Enter valid Occupation 
2. Select Company Industry 
3. Select Monthly Income from dropdown
4. Enter valid TIN 
5. Click Continue.","1. All fields accept and retain the valid data. 
2. All drop-down selections are correctly recorded. 
3. Clicking Continue initiates the account finalization process.
4. The system displays a confirmation message indicating the bank account was successfully created. ",,,,Peach,4/23/26,
t3.3.6,Finalization and Redirection,1. User has successfully filled all data on Page 3 and clicked Continue,"1. Observe the final confirmation/success state. 
2. Click “Back to dashboard”.","1. The system displays a confirmation message indicating the bank account was successfully created. 
2. Clicking ""Back to dashboard"" successfully redirects the Teller back to the main Teller Dashboard or Accounts List View.",,,,Peach,4/23/26,
t3.3.7,T&C Bypass Attempt (Negative),1. Teller is on the initial Account Creation screen .,"1. Do not check the TNC and Data Privacy checkboxes. 
2. Attempt to click the Continue button.","1. The Continue button remains disabled. 
2. No navigation occurs, and no error message is displayed (as the button should be inactive).",,,,Peach,4/23/26,
t3.3.8,Step Back Navigation and Data Persistence,1. User has completed Page 2 (Address) and is on Page 3 (Financial Info).,"1. Click the Back button or step indicator to return to Page 2 (Address). 
2. Click the Back button or step indicator to return to Page 1 (Personal Information). 
3. Click Continue to move back to Page 2. 
4. Click Continue to move back to Page 3.","1. All previously entered data (Names, DOB, Address fields, selections) on Pages 1 and 2 remains populated and correct. 
2. The navigation stack correctly moves between pages without data loss.",,,,Peach,4/23/26,
t4.1 View all list of Transactions,,,,,,,,,,
t4.1.1,View Transaction History (Entry Point),"1. User is logged into the Teller App and has access to the “Transactions” module. 
","1. Navigate to the “Transactions” module. 
","1. System navigates to the Transactions page.
2. Verify page title or URL corresponds to Transactions.
3. The system successfully navigates to the Transaction module page.
4. Verify the presence of the following columns in the transaction table: Transaction ID, Transaction Type, Date & Time, Credit Account Number, Debit Account Number, Total Amount, Status, Action
5. Verify the presence of actionable elements: an Eye icon (or similar button) to view detailed transaction information, and a Download button for exporting data.",,https://qa-jo.github.io/teller-automation/reports/2026-09_full-regression/,,Peach,9/11/26,
t4.1.2,Pagination in Viewing Transaction History,"1. User is on the Transaction History page. 
2. There are enough transaction records to span multiple pages.","1. Scroll to the bottom and locate the pagination controls. 
2. Click the Next button. 
3. Click page number 3. 
4. Click the Back button.","1. Next Click: The system loads and displays the data from the next page. 
2. Page Number Click: The system immediately loads and displays data from the selected page (page 3). 
3. Back Click: The system loads and displays data from the previous page (page 2). 
4. Verify data integrity (no duplication/missing records). 
5. The current page is clearly indicated in the UI.",,https://qa-jo.github.io/teller-automation/reports/2026-09_full-regression/,,Peach,9/11/26,
t4.1.3,View Specific Transaction Details ,"1. User is on the Transaction History page. 
2. The transaction list contains records.","1. Locate a specific transaction row in the list. 
2. Click the Eye icon (View) in the Action column. 
3. Close the details modal/page.","1. A modal or new page opens displaying detailed information for the selected transaction. 
2. Verify the detail view includes: Transaction ID, Transaction Type, Transaction Amount, Service Fee, Remarks, Transaction Status, Debit Account Name/Number, Credit Account Name/Number, Credit Bank Code/Bank Name or Debit Bank Code/Bank Name (For Send Money only), Created on, Updated on, and Instapay Reference number if external transaction type. 
3. The details are accurate and correspond to the selected transaction. 
4. The user can close the details view and return to the history list without issue.",,https://pvillados-nmblr.github.io/teller-automation/reports/rural-bank-san-antonio/t4.1/report.html,,Peach,4/21/26,
t4.1.4,Search Transaction by ID and View Details,"1. User is on the Transaction History page 
2. A known valid Transaction ID exists.","1. Locate the search field on the Transaction History page. 
2. Enter the valid Transaction ID. 
3. Click the Search icon/button. 
4. Click the Eye icon (View) in the Action column of the resulting row.","1. The list filters and displays exactly one matching transaction. 
2. A modal or new page opens displaying detailed information 
3. The transaction ID in the details matches the searched ID. 
4. The user can successfully close the detail view and return to the filtered list.",,https://qa-jo.github.io/teller-automation/reports/2026-09_full-regression/,,Peach,9/11/26,
t4.1.5,Search Transactions Using Date Range ,"1. User is on the Transaction History page
2. Transactions exist across a known date range.","1. Locate the date range filter controls. 
2. Select a valid ""From"" date (e.g., July 1, 2025). 
3. Select a valid ""To"" date (e.g., July 31, 2025). 
4. Click the Search button. 
5. Repeat steps 2-4 with a range that yields no results.","1. Positive Search: The list updates to display only transactions occurring between the ""From"" and ""To"" dates. 
2. Verify all required columns (ID, Type, Date & Time, Amounts, Status, etc.) are present in the filtered list. 
3. Negative Search: The system displays a ""No data"" message or similar indication, and the list is empty.",,,"[TellerApp][Def]Date Range Filter displays ""No Data"" or partial results for existing transactions in Transaction History across Customer, Accounts, and Transactions modules- https://github.com/talino-labs/higala.project/issues/1234",Peach,9/11/26,
t4.1.6,Filter Transactions by Type: External,"1. User is on the Transaction History page
2. Transactions of type 'Send Money' and 'Cash In' exist.","1. Click the Transaction Type filter dropdown. 
2. Select the “External” type. 
3. Locate a specific transaction row in the list. 
4. Click the Eye icon (View) in the Action column.","1. The list displays transactions of type ""Send Money"" only. 
2. No transactions of other types are shown. 
3. The detail view includes: Transaction ID, Transaction Type, Transaction Amount, Service Fee, Remarks, Transaction Status, Debit Account Name/Number, Credit Account Name/Number, Credit Bank Code/Bank Name or Debit Bank Code/Bank Name, Created on, Updated on, and Instapay Reference number if external transaction type. 
4. If there are no existing transactions of Send Money or Cash In type, the system displays ""No Data"".",,https://qa-jo.github.io/teller-automation/reports/2026-09_full-regression/,,Peach,9/11/26,
t4.1.7,Filter Transactions by Type: Internal,"1. User is on the Transaction History page 
2. Transactions of type 'Fund Transfer'' exist.","1. Click the Transaction Type filter dropdown. 
2. Select the “Internal” type. 
3. Locate a specific transaction row in the list. 
4. Click the Eye icon (View) in the Action column.","1. The list displays transactions of type ""Internal"" only. 
2. No transactions of other types are shown. 
3. The detail view includes: Transaction ID, Transaction Type, Transaction Amount, Service Fee, Remarks, Transaction Status, Debit Account Name/Number, Credit Account Name/Number, Credit Bank Code/Bank Name or Debit Bank Code/Bank Name (For Send Money only), Created on, Updated on, and Instapay Reference number if external transaction type. 
4. If there are no existing transactions of Fund Transfer type, the system displays ""No Data"".",,https://qa-jo.github.io/teller-automation/reports/2026-09_full-regression/,,Peach,9/11/26,
t4.1.8,Filter Transactions by Type: Withdrawal,"1. User is on the Transaction History page 
2. Transactions of type 'Withdrawal'' exist.","1. Click the Transaction Type filter dropdown. 
2. Select the “Withdrawal” type. 
3. Locate a specific transaction row in the list. 
4. Click the Eye icon (View) in the Action column.","1. The list displays transactions of type ""Withdrawal"" only. 
2. No transactions of other types are shown. 
3. The detail view includes: Transaction ID, Transaction Type, Transaction Amount, Service Fee, Remarks, Transaction Status, Debit Account Name/Number, Credit Account Name/Number, Credit Bank Code/Bank Name or Debit Bank Code/Bank Name (For Send Money only), Created on, Updated on, and Instapay Reference number if external transaction type. 
4. If there are no existing transactions of Fund Transfer type, the system displays ""No Data"".",,https://qa-jo.github.io/teller-automation/reports/2026-09_full-regression/,,Peach,9/11/26,
t4.1.9,Filter Transactions by Type: Deposit,"1. User is on the Transaction History page 
2. Transactions of type 'Deposit'' exist.","1. Click the Transaction Type filter dropdown. 
2. Select the “Deposit” type. 
3. Locate a specific transaction row in the list. 
4. Click the Eye icon (View) in the Action column.","1. The list displays transactions of type ""Deposit"" only. 
2. No transactions of other types are shown. 
3. The detail view includes: Transaction ID, Transaction Type, Transaction Amount, Service Fee, Remarks, Transaction Status, Debit Account Name/Number, Credit Account Name/Number, Credit Bank Code/Bank Name or Debit Bank Code/Bank Name (For Send Money only), Created on, Updated on, and Instapay Reference number if external transaction type. 
4. If there are no existing transactions of Fund Transfer type, the system displays ""No Data"".",,https://qa-jo.github.io/teller-automation/reports/2026-09_full-regression/,,Peach,9/11/26,
t4.1.10,Filter Transactions by Status: Pending ,"1. User is on the Transaction History page  
2. Transactions with status 'Pending' exist.","1. Click the Transaction Status filter dropdown. 
2. Select the Pending status. 
3. Locate a specific transaction row in the list. 
4. Click the Eye icon (View) in the Action column.","1. The system displays only transactions with a status of ""Pending"". 
2. Transactions with other statuses (e.g., Success, Failed) are not shown. 
3. The detail view includes: Transaction ID, Transaction Type, Transaction Amount, Service Fee, Remarks, Transaction Status, Debit Account Name/Number, Credit Account Name/Number, Credit Bank Code/Bank Name or Debit Bank Code/Bank Name (For Send Money only), Created on, Updated on, and Instapay Reference number if external transaction type. 
4. If there are no existing transactions with Pending status, the system displays ""No Data"".",,https://qa-jo.github.io/teller-automation/reports/2026-09_full-regression/,,Peach,9/11/26,
t4.1.11,Filter Transactions by Status: Success,"1. User is on the Transaction History page 
2. Transactions with status 'Success' exist.","1. Click the Transaction Status filter dropdown. 
2. Select the Success status. 
3. Locate a specific transaction row in the list. 
4. Click the Eye icon (View) in the Action column.","1. The system displays only transactions with a status of ""Success"". 
2. Transactions with other statuses (e.g., Pending, Failed) are not shown. 
3. The detail view includes: Transaction ID, Transaction Type, Transaction Amount, Service Fee, Remarks, Transaction Status, Debit Account Name/Number, Credit Account Name/Number, Credit Bank Code/Bank Name or Debit Bank Code/Bank Name (For Send Money only), Created on, Updated on, and Instapay Reference number if external transaction type. 
4. If there are no existing transactions with Success status, the system displays ""No Data"".",,https://qa-jo.github.io/teller-automation/reports/2026-09_full-regression/,,Peach,9/11/26,
t4.1.12,Filter Transactions by Status: Failed,"1. User is on the Transaction History page 
2. Transactions with status 'Failed' exist.","1. Click the Transaction Status filter dropdown. 
2. Select the Failed status. 
3. Locate a specific transaction row in the list. 
4. Click the Eye icon (View) in the Action column.","1. The system displays only transactions with a status of ""Failed"". 
2. Transactions with other statuses (e.g., Pending, Success) are not shown. 
3. The detail view includes: Transaction ID, Transaction Type, Transaction Amount, Service Fee, Remarks, Transaction Status, Debit Account Name/Number, Credit Account Name/Number, Credit Bank Code/Bank Name or Debit Bank Code/Bank Name (For Send Money only), Created on, Updated on, and Instapay Reference number if external transaction type. 
4. If there are no existing transactions with Failed status, the system displays ""No Data"".",,https://qa-jo.github.io/teller-automation/reports/2026-09_full-regression/,,Peach,9/11/26,
t4.1.13,Verify Total Balance Calculation,"1. User is on the Transaction History page
2. The account has a mix of debit and credit transactions.","1. View the Total Balance reflected in the Transactions module
2. Verify that the total balance reflected is the sum of the balances reflected in the Accounts module.","1. The system displays a clearly labeled Total Balance value. 
2. The displayed balance is mathematically accurate (matches the manual calculation of Account module balances).",,,"used banco-abucay ITG since there are a lot of bad data in rural bank san antonio

manual",Peach,9/11/26,
t4.2 Create a Withdrawal Transaction via Teller,,,,,,,,,,
t4.2.1,Open New Transaction Modal,"1. User is logged in.
2. Transactions module is open.",1. Click New Transaction button.,"1. A New Transaction modal opens.
2. Modal contains search field for account number, name, and email.",,https://qa-jo.github.io/teller-automation/reports/2026-09_full-regression/,,Peach,9/10/26,
t4.2.2,Search by Account Number,"1. User is logged in and in the Transactions module.
2. New Transaction modal is open.","1. Input account number.
2. Click Search.
3. From the result list, click on the matching account entry.","1. Search returns the matching account number.
2. The results list is scrollable (if there are multiple entries) and can display up to 3 account blocks (or more, up to the defined limit).
3. The following are displayed per account row:
   - Account Name
   - Account Number
   - Savings
   - Balance
   - Account Status",,https://qa-jo.github.io/teller-automation/reports/2026-09_full-regression/,,Peach,9/10/26,
t4.2.3,Search by Account Name,"1. User is logged in and in the Transactions module.
2. New Transaction modal is open.","1. Input a valid customer account name.
2. Click Search.
3. From the result list, click on the matching customer row.","1. Search returns one or more matching names.
2. The results list is scrollable (if there are multiple entries) and can display up to 3 account blocks (or more, up to the defined limit).
3. The following are displayed per account row:
   - Account Name
   - Account Number
   - Savings
   - Balance
   - Account Status",,https://qa-jo.github.io/teller-automation/reports/2026-09_full-regression/,,Peach,9/10/26,
t4.2.4,Select Account,"1. User is logged in and in the Transactions module.
2. New Transaction modal is open.","1. From the results, select a specific customer account.","1. After selecting, user navigates to the Customer Information step/page.
2. The Customer Information step contains the following:
   - Customer Name
   - Account Number
   - Account Type
   - Status
   - Current Balance
   - Daily Limit Remaining
   - Contact Information (Mobile Number and Email)",,https://qa-jo.github.io/teller-automation/reports/2026-09_full-regression/,,Peach,9/10/26,
t4.2.5,Navigate to Transaction Type – Withdraw,1. User is on the Customer Information step after selecting an account.,1. Click Withdraw button.,1. System navigates to the Transaction step for Withdrawal.,,https://qa-jo.github.io/teller-automation/reports/2026-09_full-regression/,,Peach,9/10/26,
t4.2.6,Real-Time Summary Updates with Withdrawal Amount,1. User is on the Transaction step after selecting Withdraw.,"1. Select a withdrawal type (e.g., Cash Withdrawal).
2. Enter amount.
3. Optionally enter notes.","1. The Transaction Summary panel updates immediately:
   - Shows withdrawal amount
   - Shows New Balance = (Previous Balance – withdrawal amount)",,https://qa-jo.github.io/teller-automation/reports/2026-09_full-regression/,,Peach,9/10/26,
t4.2.7,Process Withdrawal and Review,1. User is on the Transaction step after selecting Withdraw.,1. Click Process Withdrawal.,"1. System navigates to a Review step/page.
2. Review page displays:
   - Confirmation message
   - Transaction ID
   - Customer Name
   - Account Number
   - Transaction Type = Cash Withdrawal
   - Amount
   - Date & Time
   - Notes (if entered)
   - Previous Balance
   - New Balance",,https://qa-jo.github.io/teller-automation/reports/2026-09_full-regression/,,Peach,9/10/26,
t4.2.8,Verify Newest Transaction Appears at the Top (Withdrawal),1. A Withdrawal has been successfully processed.,"1. Return or go to the Transactions page by clicking the Transactions side bar.
2. Refresh the transaction table if needed.","1. The newly created withdrawal transaction appears as the first row (top) in the transaction table.
2. The following columns are displayed:
   - Transaction ID
   - Transaction Type = Withdrawal
   - Date & Time
   - Credit Account Number = N/A
   - Debit Account Number = customer account
   - Total Amount = withdrawn amount
   - Status
   - Action",,https://qa-jo.github.io/teller-automation/reports/2026-09_full-regression/,,Peach,9/10/26,
t4.2.9,View Details of the Newest Transaction (Withdrawal),"1. A Withdrawal transaction has been successfully processed.
2. User has identified the newest transaction in the transaction list.","1. Click on the view (eye) icon / button for the newest transaction.
2. Wait for the detail panel or modal / page to load.","1. A detail view of the transaction opens.
2. It shows all relevant transaction data:
   - Transaction Type = Withdrawal
   - Transaction Amount
   - Service Fee
   - Remarks
   - Transaction Status
   - Debit Account Name = customer account
   - Debit Account Number = customer account
   - Credit Account Name = N/A
   - Credit Account Number = N/A
   - Created on
   - Updated on
3. The data matches what was submitted during the withdrawal process.",,https://qa-jo.github.io/teller-automation/reports/2026-09_full-regression/,,Peach,9/10/26,
t4.2.10,Initialize Daily OTC Withdrawal Limit,"1. Customer account is active.
2. Daily OTC withdrawal limit is set to 500,000.
3. Start of day (e.g., Nov 26, 2025).",1. View customer daily OTC limit at start of day.,"1. Daily Limit Remaining is initialized to 500,000.",,https://qa-jo.github.io/teller-automation/reports/2026-09_full-regression/,,Peach,9/10/26,
t4.2.11,Non-OTC Transaction Does Not Affect Daily OTC Limit,"1. Daily Limit Remaining = 500,000.","1. Customer performs a Send Money to External Account transaction amounting to 5,000.","1. Transaction is successful.
2. Daily Limit Remaining remains 500,000.",,,manual,Peach,9/10/26,
t4.2.12,OTC Withdrawal Reduces Daily Limit,"1. Daily Limit Remaining = 500,000.","1. Customer performs an OTC withdrawal of 20,000.","1. Transaction is successful.
2. Daily Limit Remaining is reduced to 480,000.",,https://qa-jo.github.io/teller-automation/reports/2026-09_full-regression/,,Peach,9/10/26,
t4.2.13,Multiple OTC Withdrawals Accumulate Against Daily Limit,"1. Daily Limit Remaining = 480,000.","1. Customer performs another OTC withdrawal of 30,000.","1. Transaction is successful.
2. Daily Limit Remaining is reduced to 450,000.",,https://qa-jo.github.io/teller-automation/reports/2026-09_full-regression/,,Peach,9/10/26,
t4.2.14,Daily OTC Limit Resets on the Next Day,"1. Previous day OTC withdrawals were made.
2. Date changes to Nov 27, 2025.",1. View customer daily OTC limit on the new day.,"1. Daily Limit Remaining is reset to 500,000.",,,manual,Peach,9/10/26,
t4.2.15,Display of OTC-Only Transactions for Daily Limit Tracking,1. Customer has both OTC and non-OTC transactions.,1. Open customer transaction history related to daily limit.,1. Only OTC withdrawal transactions affect the daily limit calculation.,,https://qa-jo.github.io/teller-automation/reports/2026-09_full-regression/,,Peach,9/10/26,
t4.2.16,Consolidated Daily Limit Tracking for Mobile and OTC Transactions,"1. Phase 2 is enabled.
2. Customer performs Mobile and OTC transactions on the same day.","1. Open customer profile.
2. View daily outgoing transaction summary.",1. System displays total daily amount sent via Mobile and OTC transactions combined.,,Phase 2 feature — consolidated daily limit reset is not yet implemented.,,Peach,9/10/26,
t4.2.17,Visibility of Daily Outgoing Transactions Under Customer Profile,1. Customer has Mobile and OTC transactions.,"1. Open customer profile.
2. Navigate to transaction summary.",1. System shows how much of the daily limit was used for Mobile transactions and OTC transactions.,,Phase 2 feature — consolidated daily limit reset is not yet implemented.,,Peach,9/10/26,
t4.2.18,Daily Limit Reset for Consolidated Transactions,1. Combined Mobile and OTC transactions were made on the previous day.,1. View daily outgoing limit on the next day.,1. Daily outgoing limit is reset according to configured system limits.,,Phase 2 feature — consolidated daily limit reset is not yet implemented.,,Peach,9/10/26,
t4.2.19,Validate Maximum Daily Withdrawal Limit (Allowed Amount),1. Withdrawal form is displayed.,"1. Select Cash Withdrawal.
2. Enter amount equal to the maximum allowed daily limit (500,000).
3. Attempt to submit / process.","1. System accepts the amount of 500,000.
2. No error message is displayed.
3. Process Withdrawal button is enabled.
4. Withdrawal is successfully processed (or proceeds to the next confirmation step).",,https://qa-jo.github.io/teller-automation/reports/2026-09_full-regression/,rerun because of locator issue,Peach,9/10/26,
t4.2.20,Search with Invalid Account Number,"1. User is logged in and in the Transactions module.
2. New Transaction modal is open.","1. Enter an incorrect or non-existent account number.
2. Click Search.","1. Modal displays a message indicating ""No accounts found"".",,https://qa-jo.github.io/teller-automation/reports/2026-09_full-regression/,,Peach,9/10/26,
t4.2.21,Search with Invalid Account Name,"1. User is logged in and in the Transactions module.
2. New Transaction modal is open.","1. Enter an incorrect or non-existent account name.
2. Click Search.","1. Modal displays a message indicating ""No accounts found"".",,https://qa-jo.github.io/teller-automation/reports/2026-09_full-regression/,,Peach,9/10/26,
t4.2.22,Validate Withdrawal Type Required,1. Withdrawal form is displayed.,"1. Leave Withdrawal Type dropdown unselected.
2. Try to click Process Withdrawal.",1. The Process Withdrawal button remains disabled.,,https://qa-jo.github.io/teller-automation/reports/2026-09_full-regression/,,Peach,9/10/26,
t4.2.23,Validate Withdrawal Amount Required,1. Withdrawal form is displayed.,"1. Select a Withdrawal Type.
2. Leave the Withdrawal Amount blank.
3. Try to click Process Withdrawal.","1. The Process Withdrawal button remains disabled.
2. Error message ""Withdrawal Amount is required"" is shown.",,https://qa-jo.github.io/teller-automation/reports/2026-09_full-regression/,,Peach,9/10/26,
t4.2.24,Withdrawal Amount Exceeds Balance,1. Withdrawal form is displayed.,1. Enter an amount greater than the account's current balance.,"1. System displays an error message ""Insufficient funds"", preventing further processing.",,https://qa-jo.github.io/teller-automation/reports/2026-09_full-regression/,,Peach,9/10/26,
t4.2.25,OTC Withdrawal Exceeding Remaining Daily Limit,"1. Daily Limit Remaining = 450,000.","1. Customer attempts an OTC withdrawal of 460,000.","1. Transaction fails.
2. System prevents withdrawal exceeding the remaining limit.
3. Maximum allowable withdrawal amount shown is 450,000.
4. An error message is displayed: ""You've reached your daily transfer limit of PHP 500,000.""
5. The teller can adjust the withdrawal amount to within the allowed limit without restarting the flow.",,https://qa-jo.github.io/teller-automation/reports/2026-09_full-regression/,rerun because of locator issue,Peach,9/10/26,
t4.2.26,Validate Minimum Withdrawal Amount,1. Withdrawal form is displayed.,"1. Select Cash Withdrawal.
2. Enter amount less than 1.
3. Attempt to submit / process.","1. System displays an error message: ""Amount must be greater than 1"" (or equivalent).
2. Process Withdrawal button remains disabled or the withdrawal is prevented from being processed.",,https://qa-jo.github.io/teller-automation/reports/2026-09_full-regression/,rerun because of locator issue,Peach,9/10/26,
t4.2.27,Validate Maximum Daily Withdrawal Limit Exceeded,1. Withdrawal form is displayed.,"1. Select Cash Withdrawal.
2. Enter an amount greater than the maximum allowed daily limit (e.g., 500,001).
3. Attempt to submit / process.","1. System displays an error message: ""Amount must be lesser than 500,000"".
2. Process Withdrawal button remains disabled or the withdrawal is prevented from being processed.",,https://qa-jo.github.io/teller-automation/reports/2026-09_full-regression/,,Peach,9/10/26,
t4.2.28,Validate Negative or Zero Withdrawal Amount,1. Withdrawal form is displayed.,"1. Select Cash Withdrawal.
2. Enter 0 or a negative amount (e.g., -100).
3. Try to submit / process.","1. Validation error appears: ""Withdrawal amount must be greater than zero"" (or similar).
2. The process button remains disabled or inactive.",,https://qa-jo.github.io/teller-automation/reports/2026-09_full-regression/,,Peach,9/10/26,
t4.2.29,Validate Non-Numeric Withdrawal Amount,1. Withdrawal form is displayed.,"1. Select Cash Withdrawal.
2. Enter invalid string (e.g., ""five hundred"") in the amount field.
3. Try to submit.",1. Characters other than numbers are not allowed to be inputted.,,https://qa-jo.github.io/teller-automation/reports/2026-09_full-regression/,,Peach,9/10/26,
t4.2.30,Validate Withdrawal Notes Character Limit,1. Withdrawal form is displayed.,"1. Select Cash Withdrawal.
2. Enter a long text (over 300 chars) in Notes field.
3. Attempt to proceed / validate.","1. Input beyond 300 characters is not allowed (text should be restricted or truncated).
2. A character counter is visible (or dynamically updates) showing how many characters remain or have been used.",,https://qa-jo.github.io/teller-automation/reports/2026-09_full-regression/,,Peach,9/10/26,
t4.2.31,Validate Process Withdrawal Button Activation,1. Withdrawal form is displayed.,"1. Select Cash Withdrawal.
2. Enter valid amount (within balance).
3. Leave notes blank (optional).",1. Process Withdrawal button becomes enabled only once required fields are validly filled.,,https://qa-jo.github.io/teller-automation/reports/2026-09_full-regression/,,Peach,9/10/26,
t4.3 Create a Deposit Transaction via Teller,,,,,,,,,,
t4.3.1,Open New Transaction Modal,"1. User is logged in.
2. Transactions module is open.",1. Click New Transaction button.,"1. A New Transaction modal opens.
2. Modal contains search field for account number, name, and email.",,https://qa-jo.github.io/teller-automation/reports/2026-09_full-regression/,,Peach,9/10/26,
t4.3.2,Search by Account Number,"1. User is logged in and in the Transactions module.
2. New Transaction modal is open.","1. Input account number.
2. Click Search.
3. From the result list, click on the matching account entry.","1. Search returns the matching account number.
2. The results list is scrollable (if there are multiple entries) and can display up to 3 account blocks (or more, up to the defined limit).
3. The following are displayed per account row:
   - Account Name
   - Account Number
   - Savings
   - Balance
   - Account Status",,https://qa-jo.github.io/teller-automation/reports/2026-09_full-regression/,,Peach,9/10/26,
t4.3.3,Search by Account Name,"1. User is logged in and in the Transactions module.
2. New Transaction modal is open.","1. Input a valid customer account name.
2. Click Search.
3. From the result list, click on the matching customer row.","1. Search returns one or more matching names.
2. The results list is scrollable (if there are multiple entries) and can display up to 3 account blocks (or more, up to the defined limit).
3. The following are displayed per account row:
   - Account Name
   - Account Number
   - Savings
   - Balance
   - Account Status",,https://qa-jo.github.io/teller-automation/reports/2026-09_full-regression/,,Peach,9/10/26,
t4.3.4,Select Account,"1. User is logged in and in the Transactions module.
2. New Transaction modal is open.","1. From the results, select a specific customer account.","1. After selecting, user navigates to the Customer Information step/page.
2. The Customer Information step contains the following:
   - Customer Name
   - Account Number
   - Account Type
   - Status
   - Current Balance
   - Daily Limit Remaining
   - Contact Information (Mobile Number and Email)",,https://qa-jo.github.io/teller-automation/reports/2026-09_full-regression/,,Peach,9/10/26,
t4.3.5,Navigate to Transaction Type – Deposit,1. User is on the Customer Information step after selecting an account.,1. Click Deposit button.,1. System navigates to the Transaction step for Deposit.,,https://qa-jo.github.io/teller-automation/reports/2026-09_full-regression/,,Peach,9/10/26,
t4.3.6,Real-Time Summary Updates with Deposit Amount,1. User is on the Transaction step after selecting Deposit.,"1. Select a deposit type (e.g., Cash Deposit).
2. Enter amount.
3. Optionally enter notes.","1. The Transaction Summary panel updates immediately:
   - Shows deposit amount
   - Shows New Balance = (Previous Balance + deposit amount)",,https://qa-jo.github.io/teller-automation/reports/2026-09_full-regression/,,Peach,9/10/26,
t4.3.7,Process Deposit and Review,1. User is on the Transaction step with a valid deposit amount.,1. Click Process Deposit.,"1. System navigates to a Review step/page.
2. Review page displays:
   - Success confirmation message
   - Transaction ID
   - Customer Name
   - Account Number
   - Transaction Type = Cash Deposit
   - Amount
   - Date & Time
   - Notes (if any)
   - Previous Balance
   - New Balance",,https://qa-jo.github.io/teller-automation/reports/2026-09_full-regression/,,Peach,9/10/26,
t4.3.8,Verify Newest Transaction Appears at the Top (Deposit),1. A Deposit has been successfully processed.,"1. Return or go to the Transactions page / list.
2. Sort / refresh the transaction table if needed.","1. The newly created deposit transaction appears as the first row (top) in the transaction table.
2. The following columns are displayed:
   - Transaction ID
   - Transaction Type = Deposit
   - Date & Time
   - Credit Account Number = customer account
   - Debit Account Number = N/A
   - Total Amount = deposited amount
   - Status
   - Action",,https://qa-jo.github.io/teller-automation/reports/2026-09_full-regression/,,Peach,9/10/26,
t4.3.9,View Details of the Newest Transaction (Deposit),"1. A Deposit transaction has been successfully processed.
2. User has identified the newest transaction in the transaction list.","1. Click on the view (eye) icon / button for the newest transaction.
2. Wait for the detail panel or modal / page to load.","1. A detail view of the transaction opens.
2. It shows all relevant transaction data:
   - Transaction Type = Deposit
   - Transaction Amount
   - Service Fee
   - Remarks
   - Transaction Status
   - Debit Account Name = N/A
   - Debit Account Number = N/A
   - Credit Account Name = customer account
   - Credit Account Number = customer account
   - Created on
   - Updated on
3. The data matches what was submitted during the deposit process.",,https://qa-jo.github.io/teller-automation/reports/2026-09_full-regression/,,Peach,9/10/26,
t4.3.10,Validate High Deposit Amount (No Maximum Limit),1. Deposit form is displayed.,"1. Select Cash Deposit.
2. Enter amount equal to 500,000.
3. Submit / process.
4. Repeat steps 1–3 for 500,001.00 and 1,000,000.00.","1. System accepts the entered deposit amount.
2. No error message related to maximum amount is displayed.
3. Process Deposit button is enabled.
4. Deposit is successfully processed (or proceeds to the next confirmation step).",,https://qa-jo.github.io/teller-automation/reports/2026-09_full-regression/,,Peach,9/10/26,
t4.3.11,Search with Invalid Account Number,"1. User is logged in and in the Transactions module.
2. New Transaction modal is open.","1. Enter an incorrect or non-existent account number.
2. Click Search.","1. Modal displays a message indicating ""No accounts found"".",,https://qa-jo.github.io/teller-automation/reports/2026-09_full-regression/,,Peach,9/10/26,
t4.3.12,Search with Invalid Account Name,"1. User is logged in and in the Transactions module.
2. New Transaction modal is open.","1. Enter an incorrect or non-existent account name.
2. Click Search.","1. Modal displays a message indicating ""No accounts found"".",,https://qa-jo.github.io/teller-automation/reports/2026-09_full-regression/,,Peach,9/10/26,
t4.3.13,Validate Deposit Type Required,1. Deposit form (Transaction step) is displayed.,"1. Leave Deposit Type dropdown unselected.
2. Fill in other fields (if any).
3. Try to click Process Deposit.",1. The Process Deposit button remains disabled.,,https://qa-jo.github.io/teller-automation/reports/2026-09_full-regression/,,Peach,9/10/26,
t4.3.14,Validate Deposit Amount Required,1. Deposit form (Transaction step) is displayed.,"1. Select Deposit Type = Cash Deposit.
2. Leave Deposit Amount blank.
3. Try to click Process Deposit.","1. The Process Deposit button remains disabled.
2. Error message ""Deposit amount is required"" appears next to or below the field.",,https://qa-jo.github.io/teller-automation/reports/2026-09_full-regression/,,Peach,9/10/26,
t4.3.15,Validate Deposit Amount Format,1. Deposit form is displayed.,"1. Select Cash Deposit.
2. Enter invalid amount (e.g., non-numeric characters like ""abc"" or ""123.456.78"").
3. Try to proceed / submit.",1. Characters other than numbers are not allowed to be inputted.,,https://qa-jo.github.io/teller-automation/reports/2026-09_full-regression/,,Peach,9/10/26,
t4.3.16,Deposit Amount Negative or Zero,1. User is on the Transaction step after selecting Deposit.,"1. Select Cash Deposit.
2. Enter amount 0 or -100.
3. Click Process Deposit.","1. System displays a validation error: ""Amount must be greater than 1"", and does not proceed to Review.
2. A negative amount is not allowed to be inputted.",,https://qa-jo.github.io/teller-automation/reports/2026-09_full-regression/,,Peach,9/10/26,
t4.3.17,Validate Minimum Deposit Amount,1. Deposit form is displayed.,"1. Select Cash Deposit.
2. Enter amount less than 1.
3. Submit / process.","1. System displays an error message: ""Amount must be greater than 1"" (or equivalent).
2. Process Deposit button remains disabled or the deposit is prevented from being processed.",,https://qa-jo.github.io/teller-automation/reports/2026-09_full-regression/,,Peach,9/10/26,
t4.3.18,Validate Deposit Notes Max Length,1. Deposit form is displayed.,"1. Select Cash Deposit.
2. Enter a very long string in Transaction Notes (longer than 300 characters).
3. Observe validation.","1. Input beyond 300 characters is not allowed (text should be restricted or truncated).
2. A character counter is visible (or dynamically updates) showing how many characters remain or have been used.",,https://qa-jo.github.io/teller-automation/reports/2026-09_full-regression/,,Peach,9/10/26,
t4.3.19,Validate Process Deposit Button Activation,1. Deposit form is displayed.,"1. Select Deposit Type = Cash Deposit.
2. Enter a valid amount (e.g., 5,000).
3. Leave notes blank (optional).",1. The Process Deposit button becomes enabled only after required fields are populated.,,https://qa-jo.github.io/teller-automation/reports/2026-09_full-regression/,,Peach,9/10/26,
t5.1 View the list of Active Products,,,,,,,,,,
t5.1.1,Initial Load and Active Products View,"1. Teller is successfully logged into the Teller Web Application. 
2. Products exist in both Active and Archived states.","1. Navigate to the sidebar menu. 
2. Click the “Products” option.","1. The Products Module page successfully loads. 
2. The default view is the Active Products tab.
3. The following columns are visible in the product table: Product ID, Product Name, Product Category, Created by, Created on, Updated by, Updated on, Action
4. Verify that the Updated by column defaults to “NA” if no entry exists. 
5. Verify the Action menu for each product displays: View, Edit, and ARchive. 
",,https://qa-jo.github.io/teller-automation/reports/2026-09_full-regression/,,Peach,9/10/26,
t5.1.2,Active Products Tab Number,"1. Teller is successfully logged into the Teller Web Application. 
2. Products exist in both Active and Archived states.","1. Navigate to the sidebar menu. 
2. Click the “Products” option.
3. Verify that the tab number matches the number of Active Products.
",1. The tab number matches the number of Active Products.,,https://qa-jo.github.io/teller-automation/reports/2026-09_full-regression/,,Peach,9/10/26,
t5.1.3,Action: View Details of Savings Product,"1. Teller is on the Products Module page Active Products tab. 
2. A savings product exists in the table.","1. Locate a savings product record. 
2. Click the View option within the Action menu for that product.","1. The system displays a modal containing the Product ID and two main columns: Customer Form and Product Configurations.
2. The Customer Form column correctly lists all sections and fields required from the customer during availment.
3. The Product Configurations column displays complete data for:


Product ID

Product Details
- Product name
- Product type
- Description
- Status

Eligibility for Customer Type
- Minimum age
- Required Documents

Account Configuration
- Average daily balance
- Initial deposit required for opening
- Overdrafts
- Withdrawal limit frequency
- Withdrawal limit amount

Interest Configuration
- Interest rate (%)
- Interest type
- Interest time period
- Interest rate structure

Fees & Charges
- Excess withdrawal fee
- Dormancy fee
- Account closure fee
- State/transaction charges
- Tax rate type
- Tax rate value
",,https://qa-jo.github.io/teller-automation/reports/2026-09_full-regression/,,Peach,9/10/26,
t5.1.4,Action: View Details of Loans Product,"1. Teller is on the Products Module page Active Products tab. 
2. A loan product exists in the table.","1. Locate a loan product record. 
2. Click the View option within the Action menu for that product.","1. The system displays a modal containing the Product ID and two main columns: Customer Form and Product Configurations.
2. The Customer Form column correctly lists all sections and fields required from the customer during availment.
3. The Product Configurations column displays complete data for:


Product ID

Product Definition:
- Loan type
- Preferred customers
- Loan purpose

Product Details:
- Product name
- Product type
- Description

Loan Features:
- Minimum loan amount
- Maximum loan amount
- Loan term length
- Loan term unit
- Interest rate type
- Repayment method

Eligibility Criteria:
- Minimum age
- Maximum age
- Minimum income level
- Credit score
- Employment type
- Required documents

Pricing & Fees:
- Interest rate (%)
- Interest rate structure
- Processing fee
- Processing fee type
- Penalty interest rate (%)
- Penalty conditions

Loan Details:
- Loan amount
- Interest rate (%)
- Loan term length
- Loan term unit
- Mode of disbursement
",,https://qa-jo.github.io/teller-automation/reports/2026-09_full-regression/,,Peach,9/10/26,
t5.1.5,Edit Active Savings Product – Display Prepopulated Form,"1. Teller is successfully logged into the Teller Web Application.
2. Teller is on the Products Module page under the Active Products tab.
3. An active laons product exists and is visible in the list.","1. Locate an active savings product.
2. Click the Edit option within the Action column for that product.","1. The system displays the Edit Product Form page.
2. All product fields are pre-populated with the product’s existing details.
3. The teller can now modify any editable field.",,https://qa-jo.github.io/teller-automation/reports/2026-09_full-regression/,,Peach,9/10/26,
t5.1.6,Save Updated Savings Product – Record New Values,"1. Teller is on the Edit Product Form page with pre-populated product details.
2. At least one field has been modified with a new value.","1. Edit any field in the product form.
2. Click :Save Changes""","1. The system validates the updated details.
2. The system successfully saves all new updates.
3. The product record reflects the latest updated values.
4. The Product ID's last digit increments as indication of a new version (It increments every new version).
5. Existing customer accounts retain the previous product version details.
6. The updated version is available for future availments.",,https://qa-jo.github.io/teller-automation/reports/2026-09_full-regression/,,Peach,9/10/26,
t5.1.7,Edit Active Loans Product – Display Prepopulated Form,"1. Teller is successfully logged into the Teller Web Application.
2. Teller is on the Products Module page under the Active Products tab.
3. An active loans product exists and is visible in the list.","1. Locate an active loans product.
2. Click the Edit option within the Action column for that product.","1. The system displays the Edit Product Form page.
2. All product fields are pre-populated with the product’s existing details.
3. The teller can now modify any editable field.",,https://qa-jo.github.io/teller-automation/reports/2026-09_full-regression/,,Peach,9/10/26,
t5.1.8,Save Updated Loans Product – Record New Values,"1. Teller is on the Edit Product Form page with pre-populated product details.
2. At least one field has been modified with a new value.","1. Edit any field in the product form.
2. Click :Save Changes""","1. The system validates the updated details.
2. The system successfully saves all new updates.
3. The product record reflects the latest updated values.
4. The Product ID's last digit increments as indication of a new version (It increments every new version).
5. Existing customer accounts retain the previous product version details.
6. The updated version is available for future availments.",,https://qa-jo.github.io/teller-automation/reports/2026-09_full-regression/,,Peach,9/10/26,
t5.1.9,Edit Product – Required Field Validation,"1. Teller is on the Edit Product Form page with pre-populated product details.
2. The product has required fields.","1. Clear one or more mandatory fields (e.g., Product Name, Product Type).
2. Click Save all changes.","1. Validation messages appear for missing required fields.
2. The ""Save Changes"" button is disabled preventing saving.
3. No data is saved.",,https://qa-jo.github.io/teller-automation/reports/2026-09_full-regression/,,Peach,9/10/26,
t5.1.10,Edit Product – Invalid Input Validation,1. Teller is on the Product Form page.,"1. Enter invalid inputs such as letters in numeric fields, negative interest rates, extremely high interest rates, or invalid characters in text fields.
2. Click Save all changes.","1. Validation error messages appear.
2. Save is blocked.
3. No changes are committed.",,https://qa-jo.github.io/teller-automation/reports/2026-09_full-regression/,,Peach,9/10/26,
t5.1.11,Edit Product – No Changes Made,"1. Teller is on the Edit Product Form page with pre-populated product details.
","1. Make no edits.
2. Click Save all changes.","1. System detects no changes.
2. The ""Save Changes"" button is disabled preventing saving.
3. No updates are saved.",,https://qa-jo.github.io/teller-automation/reports/2026-09_full-regression/,,Peach,9/10/26,
t5.1.12,Edit Product – Cancel Edit Without Saving,"1. Teller is on the Edit Product Form page with pre-populated product details.
","1. Modify one or more fields.
2. Click Back button
3. Click confirm","1. System shows confirmation message:
""Are you sure want to leave this page?
All data will be lost and will not be saved.""

2. No changes are saved.
3. Teller returns to previous page.",,https://qa-jo.github.io/teller-automation/reports/2026-09_full-regression/,,Peach,9/10/26,
t5.1.13,Action – Archive Product – Confirmation Modal Appears,"1. Teller is on the Products Module page Active Products tab. 
2. The selected product is eligible for deletion.","1. Locate a product record. 
2. Click the Delete option within the Action menu for that product.","1. A confirmation modal or pop-up appears, prompting the Teller to confirm the deletion. 
2. The confirmation message clearly identifies the product being deleted.
",,https://qa-jo.github.io/teller-automation/reports/2026-09_full-regression/,,Peach,9/10/26,
t5.1.14,Action – Archive Product – Confirm Archive,"1. Teller is on the Products Module page Active Products tab. 
2. The selected product is eligible for deletion.","1. Locate a product record. 
2. Click the Delete option within the Action menu for that product.","1.  Product is removed from the Active Products list.
2. Product is no longer available for new customer applications.",,https://qa-jo.github.io/teller-automation/reports/2026-09_full-regression/,rerun,Peach,9/10/26,
t5.2 View the list of Archived Products,,,,,,,,,,
t5.2.1,View Archived Products List,"1. Teller is on the Products Module page. 
2. The Archived Products tab contains data.",1. Click the Archived Products tab/link.,"1. The product list updates to display only records with an Archived status. 
2. Verify that the following columns are present and visible: Product ID, Product Name, Product Category, Originally Created by, Created at, Deleted by, Deleted on, and an Action column. 
",,https://qa-jo.github.io/teller-automation/reports/2026-09_full-regression/,,Peach,9/10/26,
t5.2.2,Pagination: Archived Products Tab,"1. User is on the Products Module page. 
2. The Archived Products list spans multiple pages (paginated data). 
3. The current view is on the first page.","1. Click the Archived Products tab/link. 
2. Scroll to the bottom and locate the pagination controls. 
3. Click the Next button. 
4. Click page number 3. 
5. Click the Back button.","1. Next Click: The system loads and displays the data from the second page. The current page indicator highlights page 2. 
2. Page Number Click : The system immediately loads and displays the data from page 3. The current page indicator highlights page 3. 
3. Back Click: The system loads and displays the data from page 2. 
4. Verify data integrity across pages (no duplication/missing records). 
5. The current page is clearly indicated in the UI. ",,https://qa-jo.github.io/teller-automation/reports/2026-09_full-regression/,,Peach,9/10/26,
t5.2.3,Archive Products Tab Number,"1. Teller is successfully logged into the Teller Web Application. 
2. Products exist in both Active and Archived states.","1. Navigate to the sidebar menu. 
2. Click the “Products” option.
3. Click the ""Archived Products"" tab.
3. Verify that the tab number matches the number of Active Products.",1. The tab number matches the number of Archived Products.,,,manually tested,Peach,9/10/26,
t5.2.4,Restore Product,"1. User is on the Products Module page. 
2. The Archived Products list spans multiple pages (paginated data). 
3. The current view is on the first page.","1. Click the Archived Products tab/link. 
2. Click on Restore button to restore a product
3. Click the Active Products tab/link","1. The selected product is removed from the Archived Products list.
2. The restored product is displayed under the Active Products list.
3. The restored product appears at the top of the Active Products list.",,https://qa-jo.github.io/teller-automation/reports/2026-09_full-regression/,,Peach,9/10/26,
t5.3 Create New Product,,,,,,,,,,
t5.3.1,Create New Savings Product – Happy Path,"1. Teller is logged in.
2. User has permissions to Create Products.
3. User is on the Products Module page.","1. Navigate to the Products module via the sidebar.
2. Click the ""Create Product"" button.
3. Select ""Savings"" from the Product Category dropdown.
4. Fill in all mandatory fields: Product Details, Eligibility for Customer Type, Account Configuration, Interest Configuration, and Fees & Charges.
5. Click the final ""Continue"" button.","1. (Step 2) Product Category dropdown is shown.
2. (Step 3) System redirects to Step 1 – Product Configuration stepper with sections: Product Details, Eligibility for Customer Type, Account Configuration, Interest Configuration, and Fees & Charges.
3. (Step 5) User is redirected to Step 2 – Customer Form stepper containing:
   - ""Add new section"" button
   - Enabled ""Back"" button
   - Disabled ""Continue"" button until at least one field is added.
4. Clicking ""Back"" from Step 1 triggers a confirmation modal with ""Confirm"" and ""Back"" buttons.
   - Clicking ""Confirm"" navigates back to Products module.
   - Clicking ""Back"" retains user on current page.",,https://qa-jo.github.io/teller-automation/reports/2026-09_full-regression/,,Peach,9/10/26,
t5.3.2,Add New Section to Savings Customer Form,"1. Teller is logged in.
2. User is on Step 2 – Customer Form for a Savings product.
3. Product Configuration is completed.","1. Click ""Add new section"" button.
2. Enter a Section Name in the modal.
3. Click ""Add section"" button.","1. (Step 1) New Section modal appears with:
   - Section name input field
   - Enabled ""Back"" button
   - Disabled ""Add section"" button (until name is typed)
2. (Step 3) New section is successfully added and rendered in the Customer Form stepper.",,https://qa-jo.github.io/teller-automation/reports/2026-09_full-regression/,,Peach,9/10/26,
t5.3.3,Add Customer Input Field to Savings Section,"1. Teller is logged in.
2. User is on Step 2 – Customer Form for Savings.
3. At least one section exists.","1. Click ""Add customer input field"" button under the section.
2. Fill in all mandatory fields: Field Type, Field Name, Placeholder.
3. Optionally check ""Optional field"" checkbox.
4. Click ""Add field"" button.","1. (Step 1) New customer input field modal appears with Field Type dropdown options:
   - Text input (single line)
   - Text input (multi-line)
   - Number input
   - Dropdown (single selection)
   - Checkbox (multi-selection)
2. (Step 4) Created field is rendered in the section matching the selected type.
3. Field is marked as optional if checkbox is checked.
4. Delete (trash) icon is shown per field.
5. ""+ Add Custom Field"" button appears at bottom of section.
6. Continue button becomes enabled.
7. Clicking Back navigates to Step 1 – Product Configuration.",,https://qa-jo.github.io/teller-automation/reports/2026-09_full-regression/,,Peach,9/10/26,
t5.3.4,Delete Custom Field from Savings Section,"1. Teller is logged in.
2. A custom field exists inside a section in the Savings Customer Form.","1. Locate the custom field inside the section.
2. Click the Delete (trash) icon next to the field.","1. The field is immediately removed from the section.
2. If the section has no remaining fields, the Continue button becomes disabled.
3. The form updates immediately without a page reload.",,https://qa-jo.github.io/teller-automation/reports/2026-09_full-regression/,,Peach,9/10/26,
t5.3.5,Review and Confirm Savings Product Creation,"1. Teller is logged in.
2. Product Configuration (Step 1) is completed.
3. Customer Form (Step 2) has at least one section with at least one field.","1. Click the ""Continue"" button on the Customer Form stepper.
2. Review all displayed product details on the Review Product step.
3. Click ""Confirm & Create Product"".","1. (Step 1) User is redirected to Step 3 – Review Product.
2. (Step 2) All details entered in Steps 1 and 2 are accurately reflected.
3. (Step 3) Product is created successfully. A floating success message is shown (e.g., ""PROD-005 successfully created."").
4. User is redirected to the Products module.
5. Clicking ""Back"" on the Review Product step redirects to Step 2 – Customer Form.",,https://qa-jo.github.io/teller-automation/reports/2026-09_full-regression/,,Peach,9/10/26,
t5.3.6,Verify New Savings Product Position and Status in Product List,"1. A new Savings product has just been created.
2. User is on the Products Module dashboard.",1. Observe the Active Products list immediately after redirection.,"1. The newly created Savings product appears as the first row (top) of the Active Products list.
2. The product status defaults to ""Active"".",,https://qa-jo.github.io/teller-automation/reports/2026-09_full-regression/,,Peach,9/10/26,
t5.3.7,View Details of a Newly Created Savings Product,"1. Teller is on the Products Module – Active Products tab.
2. A Savings product exists in the list.","1. Locate the Savings product.
2. Click the ""View"" option in the Action menu.","1. A modal opens displaying the Product ID and two columns:
   - Customer Form: lists all custom sections and fields.
   - Product Configurations: displays complete data for:
     · Product Details (name, type, description, status)
     · Eligibility for Customer Type (min age, required documents)
     · Account Configuration (avg daily balance, initial deposit, overdrafts, withdrawal limit)
     · Interest Configuration (interest rate %, type, time period, structure)
     · Fees & Charges (excess withdrawal fee, dormancy fee, closure fee, tax rate)",,https://qa-jo.github.io/teller-automation/reports/2026-09_full-regression/,,Peach,9/10/26,
t5.3.8,New Savings Product Visibility in Customer Eligible Products Tab,"1. Teller is logged in.
2. A new Savings product has just been created.
3. An existing customer is eligible for the new product.","1. Select the ""Customer"" module from the side menu.
2. Search for and select an existing customer from the Customer List.
3. Click the ""View Profile"" action for the selected customer.
4. Click the ""Eligible Products"" tab.
5. Locate the newly created Savings product in the list.
6. Click ""See Details"" under the Action column of the new product.","1. The newly created Savings product appears in the customer's Eligible Products tab.
2. The product is listed with the correct Product Name and Product Category (Savings).
3. Clicking ""See Details"" opens a side panel displaying the complete and accurate Savings product configuration:
   - Product Details (name, type, description, status)
   - Eligibility for Customer Type (min age, required documents)
   - Account Configuration (avg daily balance, initial deposit, overdrafts, withdrawal limit)
   - Interest Configuration (interest rate %, type, time period, structure)
   - Fees & Charges (excess withdrawal, dormancy, closure fees, tax rate)
4. An ""Avail Product"" button is visible and enabled for the eligible customer.",,https://qa-jo.github.io/teller-automation/reports/2026-09_full-regression/,,Peach,9/10/26,
t5.3.9,Create New Loans Product – Happy Path,"1. Teller is logged in.
2. User has permissions to Create Products.
3. User is on the Products Module page.","1. Navigate to the Products module via the sidebar.
2. Click ""Create Product"".
3. Select ""Loans"" from the Product Category dropdown.
4. Fill in all mandatory fields for: Product Definition, Product Details, Loan Features, Eligibility Criteria, and Pricing & Fees.
5. Click the final ""Continue"" button.","1. (Step 2) Product Category dropdown is shown.
2. (Step 3) System redirects to Step 1 – Product Configuration stepper with sections: Product Definition, Product Details, Loan Features, Eligibility Criteria, and Pricing & Fees.
3. (Step 5) User is redirected to Step 2 – Customer Form stepper containing a pre-built Loan Details section with:
   - Loan amount
   - Interest rate (%)
   - Loan term length
   - Loan term unit
   - Mode of disbursement
   Plus: ""Add new section"" button, Enabled ""Back"", Disabled ""Continue"".
4. Clicking ""Back"" from Step 1 triggers a confirmation modal:
   - ""Confirm"" navigates back to Products module.
   - ""Back"" retains user on current page.",,https://qa-jo.github.io/teller-automation/reports/2026-09_full-regression/,,Peach,9/10/26,
t5.3.10,Add New Section to Loans Customer Form,"1. Teller is logged in.
2. User is on Step 2 – Customer Form for a Loans product.
3. Product Configuration is completed.","1. Click ""Add new section"" button.
2. Enter a Section Name in the modal.
3. Click ""Add section"" button.","1. (Step 1) New Section modal appears with:
   - Section name input
   - Enabled ""Back"" button
   - Disabled ""Add section"" button (until name is entered)
2. (Step 3) New section is added below the pre-built Loan Details section.",,https://qa-jo.github.io/teller-automation/reports/2026-09_full-regression/,,Peach,9/10/26,
t5.3.11,Add Customer Input Field to Loans Section,"1. Teller is logged in.
2. User is on Step 2 – Customer Form for Loans.
3. A custom section exists (in addition to the pre-built Loan Details section).","1. Click ""Add customer input field"" under the custom section.
2. Fill in: Field Type, Field Name, Placeholder.
3. Optionally check ""Optional field"".
4. Click ""Add field"".","1. Field modal appears with the same Field Type options as Savings.
2. Field is rendered in the custom section per its type.
3. Delete icon shown per field.
4. Continue button becomes enabled.
5. Clicking Back navigates to Step 1 – Product Configuration.",,https://qa-jo.github.io/teller-automation/reports/2026-09_full-regression/,,Peach,9/10/26,
t5.3.12,Delete Custom Field from Loans Section,"1. Teller is logged in.
2. A custom field exists in a Loans custom section.",1. Click the Delete (trash) icon next to the custom field.,"1. The field is immediately removed.
2. If the section has no remaining fields, Continue button becomes disabled.
3. Pre-built Loan Details fields are not affected.",,https://qa-jo.github.io/teller-automation/reports/2026-09_full-regression/,,Peach,9/10/26,
t5.3.13,Loans Customer Form Has Pre-built Loan Details Section,"1. Teller is logged in.
2. Product Configuration (Step 1) for Loans is completed.
3. User is on Step 2 – Customer Form.","1. Observe the Customer Form without adding any custom sections.
2. Verify the Loan Details section fields are present.","1. The pre-built Loan Details section is present and NON-DELETABLE.
2. The following fields are displayed and are DISABLED (read-only) during product creation:
   - Loan amount
   - Interest rate (%)
   - Loan term length
   - Loan term unit
   - Mode of disbursement
3. The teller CANNOT type into, modify, or clear any Loan Details field at this stage.
4. Fields appear visually distinct (e.g., greyed out) to indicate they are not editable.
5. These fields are only editable during the Product Availment flow by the customer/teller.
6. ""Continue"" button state is not blocked by Loan Details fields since they are pre-configured and non-editable.",,https://qa-jo.github.io/teller-automation/reports/2026-09_full-regression/,,Peach,9/10/26,
t5.3.14,Review and Confirm Loans Product Creation,"1. Teller is logged in.
2. Product Configuration (Step 1) is completed.
3. Customer Form (Step 2) is completed (Loan Details configured + at least one custom field).","1. Click ""Continue"" on the Customer Form.
2. Review all displayed product details on Review Product step.
3. Click ""Confirm & Create Product"".","1. (Step 1) User redirected to Step 3 – Review Product.
2. (Step 2) All details from Steps 1 and 2 accurately reflected including Loan Details pre-built section.
3. (Step 3) Product created successfully. Floating message shown (e.g., ""PROD-006 successfully created."").
4. User redirected to Products module.
5. Clicking ""Back"" on Review Product redirects to Step 2 – Customer Form.",,https://qa-jo.github.io/teller-automation/reports/2026-09_full-regression/,,Peach,9/10/26,
t5.3.15,Verify New Loans Product Position and Status in Product List,"1. A new Loans product has just been created.
2. User is on the Products Module dashboard.",1. Observe the Active Products list immediately after redirection.,"1. The newly created Loans product appears as the first row (top) of the Active Products list.
2. The product status defaults to ""Active"".",,https://qa-jo.github.io/teller-automation/reports/2026-09_full-regression/,,Peach,9/10/26,
t5.3.16,View Details of a Newly Created Loans Product,"1. Teller is on the Products Module – Active Products tab.
2. A Loans product exists in the list.","1. Locate the Loans product.
2. Click the ""View"" option in the Action menu.","1. A modal opens displaying the Product ID and two columns:
   - Customer Form: lists pre-built Loan Details fields + all custom sections/fields.
   - Product Configurations: displays complete data for:
     · Product Definition (Loan type, Preferred customers, Loan purpose)
     · Product Details (name, type, description)
     · Loan Features (min/max loan amount, loan term length/unit, interest rate type, repayment method)
     · Eligibility Criteria (min/max age, min income, credit score, employment type, required docs)
     · Pricing & Fees (interest rate %, structure, processing fee, penalty rate, penalty conditions)",,https://qa-jo.github.io/teller-automation/reports/2026-09_full-regression/,,Peach,9/10/26,
t5.3.17,New Loans Product Visibility in Customer Eligible Products Tab,"1. Teller is logged in.
2. A new Loans product has just been created.
3. An existing customer is eligible for the new product.","1. Select the ""Customer"" module from the side menu.
2. Search for and select an existing customer from the Customer List.
3. Click the ""View Profile"" action for the selected customer.
4. Click the ""Eligible Products"" tab.
5. Locate the newly created Loans product in the list.
6. Click ""See Details"" under the Action column of the new product.","1. The newly created Loans product appears in the customer's Eligible Products tab.
2. The product is listed with the correct Product Name and Product Category (Loans).
3. Clicking ""See Details"" opens a side panel displaying the complete and accurate Loans product configuration:
   - Product Definition (loan type, preferred customers, loan purpose)
   - Product Details (name, type, description)
   - Loan Features (min/max loan amount, loan term length/unit, interest rate type, repayment method)
   - Eligibility Criteria (min/max age, min income, credit score, employment type, required docs)
   - Pricing & Fees (interest rate %, structure, processing fee, penalty rate, conditions)
4. An ""Avail Product"" button is visible and enabled for the eligible customer.",,https://qa-jo.github.io/teller-automation/reports/2026-09_full-regression/,,Peach,9/10/26,
t5.3.18,Cancel Product Creation – Discard Unsaved Data,"1. Teller is logged in.
2. User is on Create Product page (either Savings or Loans) with fields partially filled.","1. Fill in some fields on the Product Configuration step.
2. Click the ""Back"" button to exit.
3. Observe the confirmation modal.
4. Click ""Confirm"".","1. (Step 3) Confirmation modal displays with ""Confirm"" and ""Back"" buttons.
2. (Step 4) User is redirected to the Products Module.
3. All unsaved data is discarded – no partial product is created.",,https://qa-jo.github.io/teller-automation/reports/2026-09_full-regression/,,Peach,9/10/26,
t5.3.19,Session Timeout During Product Creation Flow,"1. Teller is logged in.
2. User is on any step (1, 2, or 3) of the Create Product flow.
3. User remains inactive beyond session timeout (5 minutes).","1. Leave the Create Product page idle for 5 minutes and 1 second.
2. Attempt to interact with the page or click any button.","1. Session is automatically terminated.
2. User is immediately redirected to the Login page.
3. Modal displayed: ""Session Expired. For security reasons, you need to sign in again to continue using the app.""
4. Unsaved product data is lost.",,,manual,Peach,9/10/26,
t5.3.20,Back Navigation from Review Step Preserves All Entered Data,"1. Teller is logged in.
2. User is on Step 3 – Review Product (either Savings or Loans).","1. Click ""Back"" on the Review Product step.
2. Verify data on Step 2 – Customer Form.
3. Click ""Back"" again.
4. Verify data on Step 1 – Product Configuration.","1. All previously entered data on Steps 1 and 2 is retained and accurately populated.
2. No data loss occurs when navigating backwards.
3. User can re-navigate forward and submit with the same data.",,https://qa-jo.github.io/teller-automation/reports/2026-09_full-regression/,,Peach,9/10/26,
t5.3.21,Mandatory Field Validation – Product Details Section (Savings),"1. Teller is logged in.
2. User is on Step 1 – Product Configuration for Savings.","1. Leave all mandatory fields in the Product Details section blank (Product Name, Description).
2. Attempt to click ""Continue"".","1. Validation errors displayed: ""<Field Name> is required."" for each blank mandatory field.
2. ""Continue"" button remains disabled.
3. User is not navigated to Step 2.",,https://qa-jo.github.io/teller-automation/reports/2026-09_full-regression/,,Peach,9/10/26,
t5.3.22,Mandatory Field Validation – Account Configuration Section (Savings),"1. Teller is logged in.
2. User is on Step 1 – Product Configuration for Savings.","1. Leave mandatory Account Configuration fields blank (Average Daily Balance, Initial Deposit Required).
2. Attempt to click ""Continue"".","1. Validation errors displayed: ""<Field Name> is required.""
2. ""Continue"" button remains disabled.",,https://qa-jo.github.io/teller-automation/reports/2026-09_full-regression/,,Peach,9/10/26,
t5.3.23,Mandatory Field Validation – Interest Configuration Section (Savings),"1. Teller is logged in.
2. User is on Step 1 – Product Configuration for Savings.","1. Leave Interest Rate (%) blank.
2. Attempt to click ""Continue"".","1. Validation error: ""Interest rate is required.""
2. ""Continue"" button remains disabled.",,https://qa-jo.github.io/teller-automation/reports/2026-09_full-regression/,,Peach,9/10/26,
t5.3.24,Add New Section Without Entering a Section Name (Savings),"1. Teller is logged in.
2. User is on Step 2 – Customer Form for Savings.","1. Click ""Add new section"".
2. Leave the Section Name field blank.
3. Observe the ""Add section"" button state.","1. The ""Add section"" button remains disabled.
2. Section is not created until a name is entered.",,https://qa-jo.github.io/teller-automation/reports/2026-09_full-regression/,,Peach,9/10/26,
t5.3.25,Add Customer Input Field with All Mandatory Fields Blank (Savings),"1. Teller is logged in.
2. User is on Step 2 – Customer Form for Savings.
3. A section exists.","1. Click ""Add customer input field"".
2. Leave Field Type, Field Name, and Placeholder all blank.
3. Click ""Add field"".","1. Validation errors displayed:
   - ""Field name is required.""
   - ""Placeholder is required.""
2. Field is not added to the section.",,https://qa-jo.github.io/teller-automation/reports/2026-09_full-regression/,,Peach,9/10/26,
t5.3.26,Continue Button Disabled When Section Has No Fields (Savings),"1. Teller is logged in.
2. User is on Step 2 – Customer Form for Savings.
3. A section exists but contains zero custom fields.","1. Observe the ""Continue"" button state when a section is empty.","1. ""Continue"" button remains disabled.
2. User cannot proceed to Step 3 until at least one field exists.",,https://qa-jo.github.io/teller-automation/reports/2026-09_full-regression/,,Peach,9/10/26,
t5.3.27,Mandatory Field Validation – Product Definition Section (Loans),"1. Teller is logged in.
2. User is on Step 1 – Product Configuration for Loans.","1. Leave all mandatory fields in the Product Definition section blank (Loan Type, Preferred Customers, Loan Purpose).
2. Attempt to click ""Continue"".","1. Validation errors: ""<Field Name> is required."" for each blank field.
2. ""Continue"" button remains disabled.",,https://qa-jo.github.io/teller-automation/reports/2026-09_full-regression/,,Peach,9/10/26,
t5.3.28,Mandatory Field Validation – Product Details Section (Loans),"1. Teller is logged in.
2. User is on Step 1 – Product Configuration for Loans.","1. Leave mandatory Product Details fields blank (Product Name, Description).
2. Attempt to click ""Continue"".","1. Validation errors displayed for each blank mandatory field.
2. ""Continue"" button remains disabled.",,https://qa-jo.github.io/teller-automation/reports/2026-09_full-regression/,,Peach,9/10/26,
t5.3.29,Mandatory Field Validation – Loan Features Section (Loans),"1. Teller is logged in.
2. User is on Step 1 – Product Configuration for Loans.","1. Leave mandatory Loan Features fields blank (Min Loan Amount, Max Loan Amount, Loan Term Length, Loan Term Unit, Interest Rate Type, Repayment Method).
2. Attempt to click ""Continue"".","1. Validation errors displayed per blank field.
2. ""Continue"" button remains disabled.",,https://qa-jo.github.io/teller-automation/reports/2026-09_full-regression/,,Peach,9/10/26,
t5.3.30,Mandatory Field Validation – Eligibility Criteria Section (Loans),"1. Teller is logged in.
2. User is on Step 1 – Product Configuration for Loans.","1. Leave mandatory Eligibility Criteria fields blank (Minimum Age, Maximum Age).
2. Attempt to click ""Continue"".","1. Validation errors: ""<Field Name> is required.""
2. ""Continue"" button remains disabled.",,https://qa-jo.github.io/teller-automation/reports/2026-09_full-regression/,,Peach,9/10/26,
t5.3.31,Mandatory Field Validation – Pricing & Fees Section (Loans),"1. Teller is logged in.
2. User is on Step 1 – Pricing & Fees for Loans.","1. Leave mandatory fields blank (Interest Rate %, Interest Rate Structure, Processing Fee).
2. Attempt to click ""Continue"".","1. Validation errors per blank field.
2. ""Continue"" button remains disabled.",,https://qa-jo.github.io/teller-automation/reports/2026-09_full-regression/,,Peach,9/10/26,
t5.3.32,Loan Details Fields Are Disabled and Non-Editable During Product Creation,"1. Teller is logged in.
2. User is on Step 2 – Customer Form for a Loans product.
3. The pre-built Loan Details section is visible.","1. Locate the pre-built Loan Details section.
2. Attempt to click on and type into the Loan Amount field.
3. Attempt to click on and type into the Interest Rate (%) field.
4. Attempt to click on and modify the Loan Term Length field.
5. Attempt to change the Loan Term Unit dropdown.
6. Attempt to change the Mode of Disbursement dropdown.","1. All Loan Details fields (Loan Amount, Interest Rate %, Loan Term Length, Loan Term Unit, Mode of Disbursement) are DISABLED and not interactable.
2. The teller cannot type into, select, or modify any of these fields during product creation.
3. Fields appear visually greyed out or marked as read-only.
4. No input is accepted or recorded for these fields at this stage.
5. No validation errors are triggered for these fields since they are not editable.
6. These fields are only editable during the Product Availment flow.",,https://qa-jo.github.io/teller-automation/reports/2026-09_full-regression/,,Peach,9/10/26,
t5.3.33,Add Customer Input Field with All Mandatory Fields Blank (Loans),"1. Teller is logged in.
2. User is on Step 2 – Customer Form for Loans.
3. A custom section exists.","1. Click ""Add customer input field"".
2. Leave Field Type, Field Name, and Placeholder all blank.
3. Click ""Add field"".","1. Validation errors:
   - ""Field name is required.""
   - ""Placeholder is required.""
2. Field is not added to the section.",,https://qa-jo.github.io/teller-automation/reports/2026-09_full-regression/,,Peach,9/10/26,
t5.3.34,Add New Section Without Entering a Section Name (Loans),"1. Teller is logged in.
2. User is on Step 2 – Customer Form for Loans.","1. Click ""Add new section"".
2. Leave Section Name blank.
3. Observe ""Add section"" button state.","1. ""Add section"" button remains disabled.
2. No section is created until name is entered.",,https://qa-jo.github.io/teller-automation/reports/2026-09_full-regression/,,Peach,9/10/26,
t5.3.35,Continue Button Disabled When Loans Custom Section Has No Fields,"1. Teller is logged in.
2. User is on Step 2 – Customer Form for Loans.
3. A custom section exists but has no fields.","1. Observe the ""Continue"" button state when a custom section is empty.","1. ""Continue"" button remains disabled.
2. User cannot proceed to Step 3 until all sections have at least one field.",,https://qa-jo.github.io/teller-automation/reports/2026-09_full-regression/,,Peach,9/10/26,
t5.3.36,Savings Product Version Update Creates Deprecated Version,"1. A savings product already availed/signed by at least one customer exists.
2. Teller has update permissions.","1. Navigate to the Product Module and select an existing product already held by a customer.
2. Modify a core configuration (e.g., change the Interest Rate).
3. Save the changes to trigger a version update.
4. Navigate to the Availed Products tab of a customer who held the original version.
5. Search for the product and view details.","1. The specific product version held by the customer transitions to ""Deprecated"" status.
2. Product is hidden from the general audience marketplace.
3. Existing customers can still view their Deprecated product in their ""Availed"" tab.",,,manual,Peach,9/16/26,
t6.1 Generate Reports,,,,,,,,,,
t6.1.1,Verify Reports Module loads successfully,1. User is logged into the Teller App.2. User has access to the “Reports” module.,1. Click the “Reports” option from the main navigation menu.,"1. System navigates to the Reports page.
2. Verify page title or URL corresponds to Reports.
3. Verify “End of Day Balance” and “Total Balance” buttons are visible and clickable.",,https://qa-jo.github.io/teller-automation/reports/2026-09_full-regression/,,,9/10/26,
t6.1.2,Generate End of Day Report (Valid Closing Date),1. User is on the Reports module page.,"1. Click “End of Day Balance.”
2. Select a valid closing date from the calendar picker.
3. Click “Download CSV.”","1. System validates the selected date.
2. CSV file download is triggered.
3. File name and contents correspond to the selected closing date. (rural-bank-name_transactions_report_date.csv)
4. CSV file includes headers: Transaction ID, Transaction Type, Transaction Amount.
5. CSV file includes all transactions for that date.
6. Internal transactions are excluded from balance computation.
7. Total balance matches formula:
 totalBalance = (total cash_in_external) – (total fund_transfer_external)",,,[TellerApp][Def]End of Day Report incorrectly includes interest transactions from the following day - https://github.com/talino-labs/higala.project/issues/1241,,9/10/26,
t6.1.3,Generate Total Balance Report (Valid Date Range),1. User is on the Reports module page.,"1. Click “Total Balance.”
2. Input valid Start Date and End Date in the date range fields.
3. Click “Download CSV.”","1. System validates the selected dates.
2. CSV file download is triggered.
3. File name and contents correspond to the selected date range (rural-bank-name_transactions_report_date.csv).
4. CSV file includes headers: Transaction ID, Transaction Type, Transaction Amount.
5. CSV file includes all transactions for that date range.
6. Internal transactions are excluded from balance computation.
7. Total balance matches formula:
 totalBalance = (total cash_in_external) – (total fund_transfer_external)",,https://qa-jo.github.io/teller-automation/reports/2026-09_full-regression/,,,9/10/26,
t6.1.4,Verify future date selection is blocked for Reports,1. User is on the Reports module page.,"1. Click “End of Day Balance.”
2. Attempt to select an End Date or Start Date later than today.
3. Click ""Total Balance""
4. Attempt to select an End Date or Start Date later than today.","1. Future dates are disabled in both pickers.
2. System prevents selection.
3. Download CSV button is disabled.",,https://qa-jo.github.io/teller-automation/reports/2026-09_full-regression/,,,9/10/26,
t8.1 Interest Crediting,,,,,,,,,,
T8.1.1,Interest crediting job runs automatically at 12:00 AM daily,"1. The system is operational
2. At least one savings account is active with a positive balance
3. A savings product with a configured interest rate exists
4. The system clock is approaching 12:00 AM","1. Monitor the system job scheduler or job execution logs
2. Let the system clock reach 12:00 AM
3. Observe whether the interest crediting job is triggered without manual intervention
4. Check logs for a job start timestamp",The interest crediting job is triggered automatically at exactly 12:00 AM. A job start and completion timestamp is logged. No manual action is required to initiate the job.,,Savings Interest Crediting Test Evidence,,Peach,4/23/26,
T8.1.2,Daily interest is correctly computed and credited — Product A (Rate: 2%),"1. Savings Account A is active under Product A (rate = 2%)
2. Account balance = ₱50,000.00
3. Expected daily interest = 50,000 × ((2 / 100) / 365) = ₱2.74
4. Interest crediting job has not yet run for the day","1. Record Account A's balance before 12:00 AM
2. Manually compute the expected daily interest using the formula
3. Wait for the 12:00 AM crediting job to complete
4. Check Account A's balance and transaction history for the credited amount","Account A is credited with ₱2.74. The balance increases from ₱50,000.00 to ₱50,002.74. A transaction record is created showing the interest credit amount, date, and updated running balance.",,Savings Interest Crediting Test Evidence,,Peach,4/23/26,
T8.1.3,Daily interest is correctly computed and credited — Product B (Rate: 5%),"1. Savings Account B is active under Product B (rate = 5%)
2. Account balance = ₱50,000.00
3. Expected daily interest = 50,000 × ((5 / 100) / 365) = ₱6.85
4. Interest crediting job has not yet run for the day","1. Record Account B's balance before 12:00 AM
2. Manually compute the expected daily interest using the formula
3. Wait for the 12:00 AM crediting job to complete
4. Check Account B's balance and transaction history","Account B is credited with ₱6.85. The balance increases from ₱50,000.00 to ₱50,006.85. A transaction record is created with the correct interest amount, date, and updated running balance.",,Savings Interest Crediting Test Evidence,,Peach,4/23/26,
T8.1.4,Both Product A (2%) and Product B (5%) accounts are credited correctly in the same job run,"1. Savings Account A is under Product A (rate = 2%), balance = ₱50,000.00; expected interest = ₱2.74
2. Savings Account B is under Product B (rate = 5%), balance = ₱50,000.00; expected interest = ₱6.85
3. Both accounts are active and the crediting job has not yet run","1. Record balances for both Account A and Account B before 12:00 AM
2. Compute expected interest for each using their respective product rates
3. Wait for the 12:00 AM crediting job to complete
4. Verify each account was credited with the correct product-specific interest amount",Account A is credited ₱2.74 and Account B is credited ₱6.85. Each account reflects its own product's rate. No cross-product rate contamination occurs. Both transaction records show distinct and correct amounts.,,Savings Interest Crediting Test Evidence,,Peach,4/23/26,
T8.1.5,All eligible accounts across both savings products are processed in a single job run,"1. Multiple savings accounts exist under Product A (2%) and Product B (5%)
2. All accounts are active with a balance of ₱50,000.00
3. The 12:00 AM crediting job has not yet run","1. Record balances of all test accounts across both products before 12:00 AM
2. Compute expected interest for each account using their respective product rates
3. Wait for the 12:00 AM job to complete
4. Verify each account was credited with the correct product-specific interest amount","Every eligible account is credited with the correct daily interest based on its own product's configured rate. Product A accounts receive ₱2.74 per ₱50,000. Product B accounts receive ₱6.85 per ₱50,000. No account is skipped and no rate bleed occurs.",,Savings Interest Crediting Test Evidence,,Peach,4/23/26,
T8.1.6,Credited interest is reflected in the transaction history with correct details,"1. A savings account has been credited with daily interest after the 12:00 AM job
2. User is logged in and can access the account's transaction history","1. Navigate to the savings account's transaction history
2. Locate the interest credit transaction posted on today's date
3. Verify all transaction details","A transaction entry exists with:
- Transaction ID
- Transaction type: Savings Interest 
- Date & Time = today's date at 12 am
- Debit Amount = N/A 
- Credit Amount = matching the computed daily interest for that product rate
- Status = Success",,"First test - Debit amount is reflected as N/A

Savings Interest Crediting Test Evidence

Retest - Savings Interest Crediting Test Evidence",existing ticket: https://github.com/talino-labs/higala.project/issues/1219,Peach,4/23/26,
T8.1.7,Viewing specific transaction details displays correct values,"1. A savings account has been credited with daily interest after the 12:00 AM job
2. User is logged in and can access the account's transaction history",1. View the savings interest transaction's full details,"1. A modal opens displaying detailed information for the selected transaction. 
2. Verify the detail view includes: 
Transaction ID
Transaction Type = Savings Interest
Transaction Amount
Service Fee = 0.00
Remarks = Savings Interest Auto Credit
Transaction Status
Debit Account Name = N/A
Debit Account Number = N/A
Credit Account Name
Credit Account Number
Created on
Updated on
3. The details are accurate and correspond to the selected transaction. 
4. The user can close the details view and return to the history list without issue.",,"First test - Debit account number is reflected as internal ID (eg. acc_xxx...)

Savings Interest Crediting Test Evidence

Retest - Savings Interest Crediting Test Evidence",existing ticket: https://github.com/talino-labs/higala.project/issues/1219,Peach,4/23/26,
T8.1.8,Balance update is net-based and no tax is deducted from the credited interest,"1. A savings account has been credited with daily interest after the 12:00 AM job
2. Tax deduction feature is not yet active for this test cycle","1. Check the account balance before and after the 12:00 AM job
2. Compare the difference against the computed daily interest
3. Inspect the transaction record for any tax deduction line",The account balance increases by the full computed interest amount with no tax withheld. The balance difference equals exactly: amount × ((rate / 100) / 365). No tax deduction entry appears in the transaction record.,,Savings Interest Crediting Test Evidence,,Peach,4/23/26,
T8.1.9,"Interest is correctly computed for a high-balance account (₱1,000,000.00) under Product B (5%)","1. A savings account is active under Product B (rate = 5%)
2. Account balance = ₱1,000,000.00
3. Expected daily interest = 1,000,000 × ((5 / 100) / 365) = ₱136.99
4. Interest crediting job has not yet run for the day","1. Record the account's balance before 12:00 AM
2. Compute expected interest manually using the formula
3. Wait for the 12:00 AM crediting job
4. Verify the credited amount and updated balance for accuracy and no truncation","The account is credited with ₱136.99. Balance updates correctly from ₱1,000,000.00 to ₱1,000,136.99 without computation overflow or truncation errors. The transaction record reflects the full computed interest amount.",,Savings Interest Crediting Test Evidence,,Peach,4/23/26,
T8.1.10,Interest is credited correctly for a minimum-interest balance (₱73.00) under Product B (5%) — minimum credit is ₱0.01,"1. A savings account is active under Product B (rate = 5%)
2. Account balance = ₱73.00
3. Expected daily interest = 73.00 × ((5 / 100) / 365) = ₱0.01
4. This is the minimum balance required to generate the minimum creditable interest of ₱0.01
5. Interest crediting job has not yet run for the day","1. Record the account balance of ₱73.00 before 12:00 AM
2. Compute expected interest: 73.00 × ((5 / 100) / 365) = ₱0.01
3. Wait for the 12:00 AM crediting job to run
4. Check the account balance and transaction history after the job","The account is credited with ₱0.01. The balance increases from ₱73.00 to ₱73.01. A transaction record is created showing the ₱0.01 interest credit, today's date, and the updated running balance.",,Savings Interest Crediting Test Evidence,,Peach,4/23/26,
T8.1.11,"Interest crediting on a leap year date uses 365 as the divisor, not 366","1. The current date is a leap year date (e.g., February 29)
2. A savings account is active under any savings product with a configured rate
3. The 12:00 AM crediting job has not yet run","1. On a leap year date, record the account balance before 12:00 AM
2. Manually compute expected interest using divisor 365 per the formula spec
3. Wait for the crediting job to run
4. Verify the credited amount matches the 365-based computation","The credited interest is computed using divisor 365, consistent with the defined formula: interest = amount × ((rate / 100) / 365). The leap year date does not alter the divisor. The credited amount matches the manually computed value.",,,,Peach,4/23/26,
T8.1.12,Interest crediting job does not double-credit if re-triggered on the same calendar day,"1. The 12:00 AM interest crediting job has already run successfully for the day
2. An admin or system process attempts to re-trigger the job for the same calendar day","1. Confirm the job has already run at 12:00 AM (verify via logs and account transaction history)
2. Manually or programmatically re-trigger the crediting job for the same day
3. Check each account's balance and transaction history after the second trigger","The system prevents duplicate crediting for the same calendar day. Either the job is blocked from re-running, or it detects an already-processed date and skips all accounts. No duplicate interest transaction appears in any account's history.",,Savings Interest Crediting Test Evidence,,Peach,4/23/26,
T8.1.13,Accounts under Product A (2%) and Product B (5%) retain their own rates during the same job run — no rate bleed,"1. Account X is under Product A (rate = 2%), balance = ₱50,000.00; expected interest = ₱2.74
2. Account Y is under Product B (rate = 5%), balance = ₱50,000.00; expected interest = ₱6.85
3. Both accounts are processed in the same 12:00 AM job run","1. Record balances for Account X and Account Y before 12:00 AM
2. Compute expected interest for each independently using their own product rates
3. Wait for the 12:00 AM job to complete
4. Verify each account's credited amount against its own product rate — not the other product's rate",Account X is credited ₱2.74 (Product A rate) and Account Y is credited ₱6.85 (Product B rate). Neither account inherits the other's rate. Both transaction records show distinct and correct amounts matching their respective products.,,Savings Interest Crediting Test Evidence,,Peach,4/23/26,
T8.1.14,No interest is credited for a balance below the minimum threshold (< ₱73.00) under Product B (5%),"1. A savings account is active under Product B (rate = 5%)
2. Account balance = ₱72.99 (one cent below the minimum threshold)
3. Computed daily interest = 72.99 × ((5 / 100) / 365) = ₱0.00999... which rounds below ₱0.01
4. The system enforces a minimum creditable interest of ₱0.01
5. Interest crediting job has not yet run for the day","1. Set the account balance to ₱72.99 before 12:00 AM
2. Compute the expected interest and confirm it falls below ₱0.01
3. Wait for the 12:00 AM crediting job to run
4. Check the account balance and transaction history after the job",No interest transaction is posted because the computed interest (< ₱0.01) is below the minimum creditable amount. The account balance remains at ₱72.99. The job processes or skips the account without error.,,Savings Interest Crediting Test Evidence,,Peach,4/23/26,
T8.1.15,No interest is credited to a savings account with a zero balance,"1. A savings account exists with a balance of ₱0.00
2. The account's savings product has a configured interest rate
3. The 12:00 AM crediting job has not yet run","1. Confirm the account balance is ₱0.00 before 12:00 AM
2. Compute expected interest: 0 × ((rate / 100) / 365) = ₱0.00
3. Wait for the 12:00 AM crediting job to run
4. Check the account balance and transaction history after the job",No interest transaction is posted to the zero-balance account. The balance remains ₱0.00. The job processes or skips the account without throwing an error.,,Savings Interest Crediting Test Evidence,,Peach,4/23/26,
T8.1.16,No interest is credited to a closed or inactive savings account,"1. A savings account exists with a status of Closed or Inactive
2. The account may have a non-zero last recorded balance
3. The 12:00 AM crediting job has not yet run","1. Confirm the account status is Closed or Inactive before 12:00 AM
2. Wait for the 12:00 AM crediting job to run
3. Check whether any interest transaction was posted to the account after the job",No interest transaction is created for the closed or inactive account. The account balance and status remain unchanged. The job skips the account without error and does not reactivate it.,,Savings Interest Crediting Test Evidence,,Peach,4/23/26,
T8.1.17,No interest is credited when the savings product has an interest rate of 0%,"1. A savings account is linked to a savings product configured with a rate of 0%
2. The account has an active positive balance (e.g., ₱50,000.00)
3. The 12:00 AM crediting job has not yet run","1. Confirm the product rate is 0% before 12:00 AM
2. Compute expected interest: 50,000 × ((0 / 100) / 365) = ₱0.00
3. Wait for the 12:00 AM crediting job to run
4. Check the account balance and transaction history","No interest transaction is posted. The account balance remains unchanged at ₱50,000.00. The job processes the account without error, treating 0% as a valid configured rate resulting in zero credit.",,Savings Interest Crediting Test Evidence,,Peach,4/23/26,
